,品牌,生产,型号,里程,日期,地区,会员,原价,现价,过户情况
0,宝马7系,2013款,730Li,13.1万公里,2014-03,温州,4年黄金会员,20.8,101.33,0次过户
1,宝马7系,2013款,730Li,13万公里,2013-06,温州,2年黄金会员,19.8,101.33万,无
2,宝马7系,2021款,740Li,2.6万公里,2021-04,台州,2年黄金会员,71.8,101.82万,准新车-0次过户
3,宝马5系,2021款,530Li,1.5万公里,2021-11,宁波,4年会员,67.8,101.82万,无
4,宝马7系,2019款,740Li,5.3万公里,2020-04,杭州,4年会员,67.8,101.82万,无
5,宝马7系,2008款,730Li经典版,15.5万公里,2008-04,宁波,4年黄金会员,5.0,102.69万,新上架
6,宝马7系,2019款,730Li,3.2万公里,2020-08,宁波,4年黄金会员,5.0,102.69万,新上架
7,宝马X1,2021款,sDrive25Li,0.8万公里,2021-10,宁波,4年黄金会员,5.0,102.69万,新上架
8,宝马5系,2019款,525Li,4.5万公里,2019-04,宁波,4年黄金会员,5.0,102.69万,新上架
9,宝马6系,2013款,改款,10.8万公里,2015-01,湖州,5年黄金会员,30.98,103.34万,无
10,宝马6系,2013款,改款,6万公里,2014-08,绍兴,3年黄金会员,22.8,103.34万,无
11,宝马7系,2014款,730Li,8万公里,2015-03,温州,4年会员,28.8,103.77万,0次过户
12,宝马X5(进口),2014款,xDrive35i,9万公里,2014-11,宁波,1年黄金会员,27.88,103.99万,0次过户
13,宝马5系GT,2010款,535i,15万公里,2011-07,宁波,1年黄金会员,14.5,105.07万,无
14,宝马5系GT,2010款,535i,15万公里,2010-11,宁波,1年黄金会员,12.88,105.07万,0次过户
15,宝马M4,2019款,M4敞篷轿跑车竞速版,4.18万公里,2020-04,杭州,2年黄金会员,63.8,106.37万,0次过户-原厂质保
16,宝马5系GT,2011款,535i,14.2万公里,2011-06,湖州,1年黄金会员,12.5,106.59万,无
17,宝马5系GT,2011款,535i,10万公里,2012-04,温州,4年黄金会员,13.5,106.59万,0次过户
18,宝马X6,2015款,xDrive35i,7.9万公里,2015-09,宁波,1年黄金会员,32.98,108.33万,0次过户
19,宝马M4,2014款,M4双门轿跑车,8.31万公里,2016-03,绍兴,4年黄金会员,48.88,108.33万,无
20,宝马X5(进口),2011款,xDrive35i,20万公里,2012-11,台州,1年黄金会员,11.5,109.09万,0次过户
21,宝马7系,2009款,730Li豪华型,17万公里,2010-06,温州,4年黄金会员,10.58,110.50万,0次过户
22,宝马7系,2021款,740Li,1.4万公里,2021-01,台州,7年钻石会员,81.8,115.93万,原厂质保
23,宝马X5(进口),2020款,xDrive30i,6.1万公里,2020-04,衢州,4年会员,69.8,115.93万,无
24,宝马7系,2019款,改款,4.3万公里,2020-07,杭州,4年会员,69.8,115.93万,无
25,宝马8系,2021款,840i,0.17万公里,2021-09,杭州,3年黄金会员,91.98,116.36万,准新车-0次过户
26,宝马8系,2022款,840i,0.01万公里,未上牌,杭州,5年黑金会员,118.8,117.01万,准新车-4S店直卖
27,宝马8系,2021款,840i,0.15万公里,2021-09,绍兴,1年黄金会员,92.0,118.53万,准新车-4S店直卖
28,宝马8系,2021款,改款,0.12万公里,2021-12,杭州,5年黑金会员,93.88,118.53万,新上架-准新车
29,宝马M4,2014款,M4敞篷轿跑车,5.6万公里,2016-07,杭州,1年黄金会员,44.8,119.18万,无
30,宝马M4,2014款,M4敞篷轿跑车,11万公里,2015-01,金华,5年黄金会员,39.8,119.18万,0次过户
31,宝马8系,2019款,840i,0.4万公里,2021-01,杭州,2年黄金会员,81.5,119.18万,新上架-0次过户
32,宝马M4,2014款,M4敞篷轿跑车,8.9万公里,2018-02,杭州,2年黄金会员,47.3,119.18万,新上架
33,宝马X7,2021款,xDrive40i,0.3万公里,2021-06,绍兴,1年黄金会员,96.0,120.27万,准新车-4S店直卖
34,宝马X7,2021款,xDrive40i,2万公里,2021-03,杭州,3年会员,89.8,120.27万,准新车-0次过户
35,宝马6系,2012款,640i双门轿跑车,9万公里,2013-12,台州,7年钻石会员,20.98,122.44万,无
36,宝马7系,2016款,740Li,14万公里,2016-06,杭州,1年黄金会员,39.8,128.95万,无
37,宝马7系,2017款,740Li,8.5万公里,2017-06,杭州,4年黄金会员,40.98,128.95万,0次过户
38,宝马M4,2018款,M4敞篷轿跑车车迷限量版,2.7万公里,2019-03,杭州,1年黄金会员,65.8,130.14万,0次过户
39,宝马M4,2018款,M4敞篷轿跑车车迷限量版,5万公里,2018-03,杭州,1年黄金会员,55.8,130.14万,无
40,宝马M3,2009款,M3敞篷轿跑车,16万公里,2010-04,台州,1年黄金会员,15.2,130.26万,新上架
41,宝马M3,2009款,M3敞篷轿跑车,12万公里,2009-06,杭州,7年黄金会员,15.58,130.26万,无
42,宝马M3,2009款,M3敞篷轿跑车,9万公里,2011-09,宁波,2年黄金会员,22.9,130.26万,0次过户
43,宝马7系,2013款,740Li,16万公里,2013-02,台州,5年黄金会员,19.8,132.81万,无
44,宝马7系,2005款,740Li,20万公里,2006-01,杭州,4年会员,3.18,135.90万,新上架
45,宝马7系,2009款,740Li尊贵型,20万公里,2011-05,台州,6年黄金会员,11.98,153.05万,无
46,宝马5系新能源,2020款,530Le,1万公里,2021-10,宁波,7年黄金会员,109.0,156.19万,新上架-准新车
47,宝马X5,M,2020款,0.9万公里,2021-07,宁波,7年黄金会员,109.0,156.19万,新上架-准新车
48,宝马X5,M,2020款,0.9万公里,2021-08,宁波,7年黄金会员,109.0,156.19万,新上架-准新车
49,宝马M5,2021款,M5,2.8万公里,2021-10,台州,6年黄金会员,116.8,156.19万,无
50,宝马X5(进口),2008款,xDrive48i豪华型,8.38万公里,2009-01,温州,4年黄金会员,8.38,188.44万,0次过户
51,宝马1系,2018款,118i,5.8万公里,2018-04,宁波,1年会员,9.58,21.69万,新上架-0次过户
52,宝马1系,2021款,120i,1.37万公里,2021-04,嘉兴,3年钻石会员,13.48,22.12万,准新车-原厂质保
53,宝马1系,2021款,120i,3.1万公里,2021-02,金华,2年黄金会员,12.5,22.12万,准新车-0次过户
54,宝马1系,2017款,118i,4万公里,2017-12,杭州,2年黄金会员,9.88,22.23万,0次过户
55,宝马1系,2017款,118i,6.6万公里,2017-04,杭州,1年会员,8.5,22.23万,0次过户
56,宝马1系,2019款,118i,7万公里,2019-09,丽水,1年会员,11.88,24.29万,0次过户
57,宝马1系,2019款,118i,4万公里,2019-03,嘉兴,2年黄金会员,11.28,24.29万,0次过户
58,宝马1系,2019款,118i,4万公里,2019-05,宁波,3年会员,10.0,24.29万,新上架-0次过户
59,宝马1系,2018款,118i,6万公里,2018-07,金华,1年会员,10.8,24.51万,0次过户
60,宝马1系,2018款,118i,4万公里,2018-05,绍兴,4年黄金会员,10.98,24.51万,0次过户
61,宝马1系,2018款,118i,7万公里,2018-03,嘉兴,6年会员,10.8,24.51万,0次过户
62,宝马1系,2018款,118i,7.3万公里,2018-06,温州,7年黄金会员,11.5,24.51万,新上架-0次过户
63,宝马1系,2021款,120i,0.7万公里,2021-08,杭州,6年黄金会员,14.39,24.62万,新上架-准新车
64,宝马1系,2021款,改款,1万公里,2022-01,绍兴,2年黄金会员,15.68,24.62万,准新车-0次过户
65,宝马1系,2021款,120i,2.6万公里,2021-01,宁波,1年会员,12.0,24.62万,新上架-0次过户
66,宝马1系,2021款,改款,0.6万公里,2021-11,丽水,2年黄金会员,14.88,24.62万,新上架-准新车
67,宝马1系,2017款,118i,7万公里,2017-06,金华,5年黄金会员,9.28,24.94万,无
68,宝马1系,2017款,118i,14.3万公里,2017-04,温州,5年黄金会员,7.88,24.94万,新上架-0次过户
69,宝马2系旅行车,2016款,218i,6.2万公里,2016-08,宁波,1年会员,7.9,25.49万,0次过户
70,宝马5系,2014款,525Li,9.2万公里,2014-08,宁波,1年会员,7.9,25.49万,0次过户
71,宝马7系,2019款,730Li,0.86万公里,2022-06,宁波,1年会员,7.9,25.49万,0次过户
72,宝马X5(进口),2017款,xDrive35i,6.56万公里,2017-12,宁波,1年会员,7.9,25.49万,0次过户
73,宝马1系,2020款,125i,3万公里,2020-02,温州,4年黄金会员,13.38,26.46万,无
74,宝马1系,2020款,125i,3.9万公里,2020-01,嘉兴,2年黄金会员,13.8,26.46万,无
75,宝马1系,2021款,125i,2.2万公里,2021-01,杭州,4年黄金会员,15.28,26.79万,0次过户-原厂质保
76,宝马1系,2022款,125i,0.06万公里,未上牌,湖州,1年黄金会员,18.98,26.79万,准新车-4S店直卖
77,宝马1系,2022款,125i,0.28万公里,2021-12,丽水,3年黄金会员,16.98,26.79万,准新车-0次过户
78,宝马M6,2013款,M6,6.2万公里,2015-03,杭州,6年黄金会员,69.5,260.40万,0次过户
79,宝马7系,2019款,改款,0.07万公里,2021-09,杭州,3年黄金会员,198.8,263.55万,准新车-0次过户
80,宝马7系,2019款,改款,3.6万公里,2021-04,杭州,7年钻石会员,173.8,263.55万,准新车-0次过户
81,宝马7系,2019款,M760Li,0.15万公里,2021-11,嘉兴,3年钻石会员,198.88,263.55万,准新车-0次过户
82,宝马2系,2018款,220i,5万公里,2018-08,杭州,2年黄金会员,15.5,27.12万,无
83,宝马2系,2018款,220i,8.4万公里,2018-04,杭州,6年钻石会员,14.8,27.12万,新上架-4S店直卖
84,宝马1系,2018款,118i,5.5万公里,2019-01,杭州,5年黑金会员,10.88,27.98万,新上架-0次过户
85,宝马7系,2010款,760Li,12万公里,2013-03,宁波,6年黄金会员,28.8,273.32万,0次过户
86,宝马7系,2010款,760Li,15万公里,2012-02,宁波,6年黄金会员,25.8,273.32万,0次过户
87,宝马7系,2010款,760Li,15万公里,2012-08,宁波,6年黄金会员,22.8,273.32万,0次过户
88,宝马1系,2017款,118i,8万公里,2017-09,绍兴,2年黄金会员,9.6,28.20万,0次过户
89,宝马1系(进口),2013款,改款,5万公里,2014-05,杭州,6年黑金会员,7.78,28.44万,0次过户
90,宝马2系多功能旅行车,2018款,220i,4.8万公里,2019-03,杭州,1年黄金会员,12.88,28.63万,无
91,宝马X2,2021款,sDrive20i,2.52万公里,2021-03,嘉兴,3年钻石会员,17.98,28.96万,准新车-原厂质保
92,宝马X2,2020款,sDrive20i,2.5万公里,2020-12,杭州,5年黑金会员,17.88,28.96万,0次过户-原厂质保
93,宝马2系,2021款,225i,0.78万公里,2021-09,杭州,3年黄金会员,21.58,29.29万,准新车-0次过户
94,宝马2系多功能旅行车,2015款,218i,7.5万公里,2018-02,杭州,1年黄金会员,10.8,29.29万,无
95,宝马2系,2021款,225i,0.4万公里,2021-03,杭州,5年黄金会员,22.98,29.35万,新上架-准新车
96,宝马2系,2015款,218i,8万公里,2017-07,温州,1年黄金会员,10.88,29.96万,0次过户
97,宝马2系,2015款,218i,6万公里,2016-01,金华,1年黄金会员,11.5,29.96万,新上架-0次过户
98,宝马X1,2019款,sDrive18Li,4.7万公里,2019-06,绍兴,2年黄金会员,15.8,30.05万,0次过户
99,宝马3系,2021款,325Li,3万公里,2021-03,宁波,1年黄金会员,17.3,30.26万,0次过户-原厂质保
100,宝马X1,2020款,sDrive20Li,3.6万公里,2020-09,台州,1年黄金会员,17.3,30.26万,0次过户-原厂质保
101,宝马X1,2021款,sDrive20Li,2万公里,2020-12,杭州,6年黄金会员,16.8,30.37万,新上架-0次过户
102,宝马X1,2021款,sDrive20Li,1.46万公里,2021-08,杭州,5年黄金会员,17.8,30.37万,准新车-原厂质保
103,宝马X1,2021款,sDrive20Li,1万公里,2021-07,温州,3年黄金会员,16.9,30.37万,新上架-准新车
104,宝马X1,2021款,sDrive20Li,3万公里,2021-01,嘉兴,2年黄金会员,18.5,30.37万,原厂质保
105,宝马2系旅行车(进口),2015款,218i,6万公里,2016-10,金华,1年黄金会员,8.0,30.38万,新上架-0次过户
106,宝马X1,2012款,sDrive18i,8.7万公里,2013-01,嘉兴,3年黄金会员,7.42,30.61万,0次过户
107,宝马1系(进口),2013款,改款,10.6万公里,2012-05,金华,3年会员,6.39,30.61万,无
108,宝马X1,2012款,sDrive18i,8.6万公里,2012-11,杭州,3年钻石会员,6.18,30.61万,0次过户
109,宝马X1,2012款,sDrive18i,10万公里,2012-07,宁波,1年黄金会员,6.08,30.61万,无
110,宝马3系,2015款,316i,7.5万公里,2014-07,杭州,1年黄金会员,10.8,30.72万,无
111,宝马X1,2018款,sDrive18Li,11万公里,2017-08,嘉兴,2年黄金会员,12.98,30.81万,0次过户
112,宝马X1,2018款,sDrive18Li,4万公里,2018-06,金华,2年黄金会员,13.8,30.81万,0次过户
113,宝马X1,2018款,sDrive18Li,4.7万公里,2019-02,杭州,2年黄金会员,15.89,30.81万,无
114,宝马X1,2018款,sDrive18Li,5.2万公里,2017-01,丽水,3年黄金会员,13.5,30.81万,0次过户
115,宝马X1,2013款,sDrive18i,6万公里,2014-05,台州,1年黄金会员,7.68,30.94万,0次过户
116,宝马X1,2013款,sDrive18i,8.9万公里,2013-07,宁波,3年黄金会员,6.58,30.94万,新上架-0次过户
117,宝马X1,2014款,sDrive18i,10万公里,2014-09,杭州,6年钻石会员,7.98,30.94万,新上架
118,宝马X1,2014款,sDrive18i,14.52万公里,2015-05,杭州,6年黑金会员,8.88,30.94万,0次过户
119,宝马X1,2014款,sDrive18i,11.47万公里,2015-02,杭州,6年黑金会员,9.58,30.94万,0次过户
120,宝马X1,2014款,sDrive18i,15万公里,2015-02,杭州,7年黄金会员,9.26,30.94万,无
121,宝马X1,2013款,sDrive18i,5.8万公里,2014-06,金华,4年黄金会员,7.6,30.94万,0次过户
122,宝马X1,2014款,sDrive18i,6.6万公里,2015-03,温州,2年黄金会员,10.9,30.94万,0次过户
123,宝马X2,2021款,sDrive25i,1.9万公里,2020-12,杭州,5年黑金会员,17.88,31.02万,4S店直卖-原厂质保
124,宝马X2,2022款,sDrive25i,0.01万公里,未上牌,嘉兴,3年钻石会员,19.88,31.02万,准新车-0次过户
125,宝马X1,2016款,sDrive18Li,5.8万公里,2017-04,宁波,1年黄金会员,11.88,31.04万,0次过户
126,宝马3系,2017款,318i,5万公里,2017-09,嘉兴,1年黄金会员,13.99,31.26万,0次过户
127,宝马3系,2017款,318i,6万公里,2017-10,温州,3年黄金会员,13.9,31.26万,0次过户
128,宝马1系(进口),2008款,120i,10万公里,2010-01,温州,7年黄金会员,3.98,31.26万,无
129,宝马3系,2017款,318i,5.6万公里,2018-01,温州,2年黄金会员,13.98,31.26万,无
130,宝马1系(进口),2008款,120i,7.1万公里,2009-10,湖州,1年黄金会员,3.38,31.26万,无
131,宝马X2,2020款,sDrive25i,3.98万公里,2020-11,台州,2年黄金会员,17.5,31.46万,0次过户-原厂质保
132,宝马X2,2020款,sDrive25i,3.5万公里,2021-03,杭州,6年黄金会员,16.88,31.46万,新上架-准新车
133,宝马1系(进口),2013款,改款,11万公里,2015-04,衢州,1年黄金会员,7.98,31.70万,无
134,宝马3系,2010款,318i,8.2万公里,2010-10,宁波,2年会员,4.2,31.80万,0次过户
135,宝马7系,2016款,730Li,9.5万公里,2016-06,宁波,2年会员,4.2,31.80万,0次过户
136,宝马M4,2021款,M4双门轿跑车,1.5万公里,2022-03,宁波,2年会员,4.2,31.80万,0次过户
137,宝马X1,2016款,sDrive18Li,9.7万公里,2016-07,宁波,2年会员,4.2,31.80万,0次过户
138,宝马3系,2017款,320Li,6.8万公里,2017-04,宁波,2年会员,4.2,31.80万,0次过户
139,宝马2系,2019款,225i,6.8万公里,2019-07,杭州,5年黑金会员,18.8,31.89万,新上架-0次过户
140,宝马2系,2018款,220i,4.1万公里,2018-08,杭州,1年会员,16.78,31.89万,0次过户
141,宝马2系,2018款,220i,8.6万公里,2018-06,金华,2年黄金会员,17.5,31.89万,无
142,宝马3系,2020款,320i,3万公里,2020-09,绍兴,1年黄金会员,23.0,31.90万,4S店直卖-0次过户
143,宝马3系,2022款,320i,2万公里,2022-03,金华,6年黄金会员,24.58,31.90万,准新车-0次过户
144,宝马3系,2020款,320i,1万公里,2020-08,绍兴,5年黄金会员,25.98,31.90万,原厂质保
145,宝马X1,2020款,sDrive20Li,3万公里,2020-01,丽水,3年黄金会员,17.8,32.22万,0次过户-原厂质保
146,宝马X1,2020款,sDrive20Li,1万公里,2020-10,温州,3年黄金会员,17.8,32.22万,0次过户-原厂质保
147,宝马X1,2019款,sDrive18Li,6万公里,2019-05,杭州,2年黄金会员,13.68,32.22万,0次过户
148,宝马X1,2019款,sDrive18Li,6.65万公里,2019-06,杭州,3年黄金会员,13.98,32.22万,0次过户
149,宝马X1,2022款,sDrive20Li,0.01万公里,未上牌,台州,3年黄金会员,19.99,32.43万,准新车-0次过户
150,宝马3系(进口),2006款,320i典雅型,15万公里,2006-08,宁波,1年黄金会员,3.0,32.46万,0次过户
151,宝马1系(进口),2010款,120i运动限量版,11万公里,2010-09,杭州,4年会员,3.68,32.46万,新上架-0次过户
152,宝马3系(进口),2012款,318i领先型,9万公里,2011-07,杭州,3年黄金会员,4.6,32.54万,无
153,宝马2系多功能旅行车,2018款,220i,5万公里,2019-05,金华,1年黄金会员,13.5,32.54万,新上架-0次过户
154,宝马3系,2023款,320i,0.01万公里,未上牌,杭州,6年黄金会员,26.87,32.55万,新上架-准新车
155,宝马X1,2018款,sDrive18Li,6.58万公里,2017-10,宁波,1年黄金会员,13.38,32.98万,0次过户
156,宝马X1,2018款,sDrive18Li,6.3万公里,2017-07,宁波,2年会员,11.88,32.98万,0次过户
157,宝马5系,2014款,525Li,14万公里,2014-06,宁波,3年黄金会员,12.8,33.22万,无
158,宝马X1,2016款,sDrive18Li,19.74万公里,2017-08,杭州,6年黑金会员,11.88,33.22万,0次过户
159,宝马X1,2016款,sDrive18Li,7.9万公里,2017-04,金华,3年黄金会员,12.8,33.22万,无
160,宝马1系(进口),2012款,118i,7万公里,2012-04,宁波,2年黄金会员,6.0,33.22万,0次过户
161,宝马1系(进口),2012款,118i,7.5万公里,2012-01,宁波,1年会员,6.2,33.22万,无
162,宝马7系,2011款,730Li典雅型,11万公里,2011-09,杭州,1年会员,6.2,33.22万,无
163,宝马X1,2016款,sDrive18Li,9万公里,2016-11,温州,3年黄金会员,10.5,33.22万,无
164,宝马X1,2016款,sDrive18Li,13.28万公里,2016-12,杭州,6年黑金会员,11.88,33.22万,0次过户
165,宝马3系,2016款,316Li,6万公里,2016-06,温州,2年会员,13.8,33.63万,无
166,宝马3系,2018款,318Li,7.2万公里,2018-09,杭州,6年钻石会员,14.98,33.63万,新上架-4S店直卖
167,宝马2系,2021款,225i,1.9万公里,2021-01,湖州,1年黄金会员,20.98,33.63万,原厂质保
168,宝马X1,2021款,sDrive25Li,2万公里,2021-05,温州,1年黄金会员,21.5,33.63万,准新车-0次过户
169,宝马3系,2019款,320i,7万公里,2019-02,台州,2年黄金会员,16.88,33.63万,0次过户
170,宝马X1,2019款,sDrive20Li,5.6万公里,2019-01,温州,7年黄金会员,18.8,33.63万,0次过户
171,宝马3系,2019款,320i,6.1万公里,2019-03,杭州,6年钻石会员,17.88,33.63万,新上架-4S店直卖
172,宝马3系,2019款,320i,6万公里,2018-10,宁波,1年会员,16.3,33.63万,新上架-0次过户
173,宝马X1,2020款,sDrive25Li,9万公里,2020-09,绍兴,5年黄金会员,18.18,33.63万,0次过户-原厂质保
174,宝马X1,2019款,sDrive20Li,3.6万公里,2019-01,宁波,1年黄金会员,16.0,33.63万,0次过户
175,宝马X1,2021款,sDrive25Li,2万公里,2021-03,丽水,3年黄金会员,21.68,33.63万,准新车-0次过户
176,宝马X1,2022款,sDrive25Li,0.01万公里,未上牌,杭州,6年黄金会员,21.8,33.63万,新上架-准新车
177,宝马X1,2022款,sDrive25Li,0.01万公里,未上牌,杭州,5年黑金会员,22.18,33.63万,新上架-准新车
178,宝马2系,2019款,225i,4万公里,2020-10,金华,1年黄金会员,24.8,33.63万,无
179,宝马3系,2017款,318Li,8.6万公里,2017-09,杭州,6年钻石会员,13.88,33.64万,新上架-4S店直卖
180,宝马3系,2013款,316i,9万公里,2013-12,金华,1年黄金会员,9.5,33.65万,新上架-0次过户
181,宝马3系,2013款,316i,10万公里,2013-10,温州,1年黄金会员,8.88,33.65万,无
182,宝马3系,2022款,325i,0.5万公里,2022-01,杭州,3年黄金会员,28.78,33.90万,准新车-0次过户
183,宝马3系,2022款,325i,0.69万公里,2021-12,杭州,5年黄金会员,27.9,33.90万,准新车-原厂质保
184,宝马3系,2020款,325i,5.1万公里,2020-01,台州,1年黄金会员,23.88,34.07万,新上架-0次过户
185,宝马3系,2021款,改款,1.2万公里,2021-06,宁波,1年会员,25.5,34.07万,准新车-原厂质保
186,宝马3系,2020款,325i,3万公里,2020-07,宁波,1年黑金会员,26.0,34.07万,0次过户-原厂质保
187,宝马3系,2021款,325i,1.59万公里,2021-06,杭州,3年黄金会员,26.98,34.07万,新上架-准新车
188,宝马3系,2022款,改款,0.01万公里,未上牌,杭州,6年黄金会员,27.6,34.07万,新上架-准新车
189,宝马3系,2019款,320Li,7.31万公里,2019-01,杭州,1年会员,17.08,34.39万,无
190,宝马3系,2019款,320Li,10万公里,2019-03,金华,5年黄金会员,18.8,34.39万,0次过户
191,宝马3系,2018款,320i,7万公里,2018-03,宁波,3年会员,16.0,34.39万,0次过户
192,宝马7系,2013款,740Li,8万公里,2014-11,温州,1年黄金会员,18.98,34.39万,无
193,宝马X1,2018款,sDrive20Li,8.86万公里,2017-05,湖州,5年黄金会员,14.98,34.39万,无
194,宝马X4,2016款,xDrive20i,8万公里,2017-08,温州,1年黄金会员,18.98,34.39万,无
195,宝马3系,2019款,320Li,7万公里,2019-01,杭州,3年黄金会员,18.6,34.39万,无
196,宝马3系,2019款,320Li,5万公里,2019-01,金华,3年黄金会员,19.5,34.39万,无
197,宝马X1,2018款,sDrive20Li,6.6万公里,2018-05,宁波,3年钻石会员,15.8,34.39万,无
198,宝马4系,2014款,420i,3万公里,2014-09,温州,1年黄金会员,18.98,34.39万,无
199,宝马3系,2019款,320Li,8.1万公里,2018-12,湖州,1年黄金会员,18.98,34.39万,无
200,宝马2系,2015款,220i,4万公里,2016-04,温州,1年黄金会员,18.98,34.39万,无
201,宝马M4,2017款,M4敞篷轿跑车,3万公里,2019-06,温州,1年黄金会员,18.98,34.39万,无
202,宝马X1,2018款,sDrive20Li,5.36万公里,2018-01,杭州,3年黄金会员,15.5,34.39万,新上架-0次过户
203,宝马3系,2023款,325i,0.01万公里,未上牌,杭州,6年钻石会员,29.4,34.40万,新上架-准新车
204,宝马3系,2021款,320Li,2万公里,2020-12,宁波,1年会员,22.88,34.62万,0次过户-原厂质保
205,宝马3系,2021款,320Li,6万公里,2021-04,金华,5年黄金会员,25.8,34.62万,无
206,宝马3系,2021款,改款,1.5万公里,2021-02,杭州,4年黄金会员,26.8,34.62万,准新车-0次过户
207,宝马3系,2020款,320Li,3万公里,2020-08,宁波,3年会员,21.5,34.62万,0次过户-原厂质保
208,宝马3系,2021款,320Li,1.3万公里,2021-08,宁波,1年黄金会员,25.7,34.62万,无
209,宝马3系,2021款,320Li,1万公里,2022-12,杭州,6年黄金会员,27.99,34.62万,新上架-准新车
210,宝马3系,2021款,320Li,1.3万公里,2021-01,杭州,6年钻石会员,27.88,34.62万,新上架-4S店直卖
211,宝马3系,2021款,320Li,3.5万公里,2020-10,杭州,1年黄金会员,23.8,34.62万,0次过户-原厂质保
212,宝马3系,2020款,320Li,5万公里,2020-05,金华,2年黄金会员,24.3,34.62万,无
213,宝马3系,2020款,320Li,3.2万公里,2020-04,宁波,4年会员,21.8,34.62万,0次过户-原厂质保
214,宝马3系,2021款,改款,4.7万公里,2021-05,宁波,5年黄金会员,26.8,34.62万,无
215,宝马3系,2017款,320i,8万公里,2016-11,宁波,1年黄金会员,14.8,34.74万,无
216,宝马3系,2017款,320i,6.1万公里,2017-07,宁波,3年钻石会员,16.8,34.74万,0次过户
217,宝马3系,2017款,320i,5万公里,2017-09,温州,2年黄金会员,16.98,34.74万,0次过户
218,宝马3系,2014款,320i,10万公里,2013-12,杭州,2年会员,10.88,34.74万,0次过户
219,宝马3系,2017款,320i,9.31万公里,2016-11,丽水,1年会员,13.58,34.74万,0次过户
220,宝马X4,2014款,xDrive20i,6.5万公里,2015-04,宁波,1年会员,11.38,34.93万,0次过户
221,宝马X1,2019款,sDrive18Li,4.2万公里,2019-06,宁波,1年会员,11.38,34.93万,0次过户
222,宝马5系,2018款,528Li,6万公里,2018-02,宁波,1年会员,11.38,34.93万,0次过户
223,宝马3系,2015款,316Li,5.24万公里,2015-08,杭州,1年会员,11.38,34.93万,0次过户
224,宝马4系,2014款,428i,6.8万公里,2014-07,宁波,1年会员,11.38,34.93万,0次过户
225,宝马3系,2018款,320Li,2万公里,2017-12,宁波,1年黄金会员,16.98,35.15万,0次过户
226,宝马3系,2018款,320Li,6万公里,2017-12,温州,3年黄金会员,14.8,35.15万,0次过户
227,宝马7系,2019款,740Li,6.8万公里,2020-01,宁波,1年黄金会员,16.88,35.15万,新上架
228,宝马3系,2018款,320Li,7.55万公里,2017-10,湖州,1年黄金会员,16.88,35.15万,新上架
229,宝马X2,2021款,改款,0.28万公里,2021-12,杭州,6年钻石会员,21.98,35.15万,新上架-准新车
230,宝马3系,2018款,320Li,7万公里,2017-12,丽水,2年会员,16.88,35.15万,0次过户
231,宝马3系,2018款,320Li,5万公里,2018-07,嘉兴,2年黄金会员,17.58,35.15万,0次过户
232,宝马3系,2018款,320Li,10万公里,2017-10,衢州,1年黄金会员,15.68,35.15万,无
233,宝马3系,2020款,325Li,3万公里,2020-01,温州,1年黄金会员,26.28,35.16万,0次过户
234,宝马3系,2020款,325Li,1.5万公里,2020-01,金华,3年黄金会员,25.28,35.16万,无
235,宝马3系,2020款,325Li,5.1万公里,2020-01,金华,6年黄金会员,25.68,35.16万,0次过户
236,宝马7系,2019款,改款,4万公里,2020-01,宁波,1年会员,23.8,35.16万,0次过户-原厂质保
237,宝马3系,2020款,改款,1.9万公里,2020-04,宁波,3年钻石会员,26.68,35.16万,无
238,宝马3系,2020款,改款,3.4万公里,2020-03,宁波,1年会员,23.8,35.16万,0次过户-原厂质保
239,宝马X1,2014款,sDrive18i,11万公里,2015-03,杭州,1年会员,23.8,35.16万,0次过户-原厂质保
240,宝马2系,2015款,218i,4万公里,2017-03,杭州,2年黄金会员,18.8,35.31万,0次过户
241,宝马2系,2015款,218i,6万公里,2016-03,嘉兴,3年黄金会员,14.8,35.31万,0次过户
242,宝马3系,2018款,320Li,5万公里,2018-05,宁波,3年黄金会员,17.98,35.31万,0次过户
243,宝马2系,2015款,218i,6万公里,2017-08,绍兴,3年黄金会员,17.98,35.31万,0次过户
244,宝马2系,2015款,218i,6万公里,2016-03,宁波,3年会员,14.8,35.31万,无
245,宝马2系,2015款,218i,5万公里,2016-11,宁波,2年黄金会员,15.5,35.31万,0次过户
246,宝马2系,2015款,218i,4.9万公里,2016-12,金华,4年黄金会员,15.98,35.31万,0次过户
247,宝马2系,2015款,218i,8.1万公里,2017-02,台州,3年黄金会员,16.98,35.31万,无
248,宝马2系,2015款,218i,5万公里,2017-02,宁波,2年黄金会员,16.0,35.31万,0次过户
249,宝马3系,2016款,320Li,13.1万公里,2016-04,金华,3年黄金会员,14.88,35.36万,0次过户
250,宝马3系,2017款,320Li,4.8万公里,2017-07,宁波,1年黄金会员,14.8,35.38万,0次过户
251,宝马3系,2017款,320Li,6.6万公里,2016-11,嘉兴,3年黄金会员,15.9,35.38万,0次过户
252,宝马3系,2017款,320Li,3.3万公里,2017-04,嘉兴,2年黄金会员,17.88,35.38万,无
253,宝马3系,2017款,320Li,11.83万公里,2017-08,杭州,6年黑金会员,16.88,35.38万,0次过户
254,宝马3系,2017款,320Li,7万公里,2017-06,宁波,4年黄金会员,15.6,35.38万,0次过户
255,宝马3系,2017款,320Li,7.6万公里,2017-06,杭州,3年黄金会员,16.5,35.38万,0次过户
256,宝马3系,2017款,320Li,7.32万公里,2017-06,宁波,1年黄金会员,17.38,35.38万,新上架-0次过户
257,宝马3系,2015款,320i,11.8万公里,2015-05,宁波,1年黄金会员,11.3,35.60万,0次过户
258,宝马3系,2020款,改款,0.9万公里,2020-06,宁波,1年黄金会员,27.0,35.81万,原厂质保
259,宝马3系,2021款,325i,2.2万公里,2021-03,杭州,6年钻石会员,30.5,36.03万,新上架-准新车
260,宝马3系,2021款,325i,2万公里,2021-07,杭州,6年黄金会员,28.9,36.03万,新上架-准新车
261,宝马3系,2015款,320i,13万公里,2015-06,嘉兴,6年会员,10.8,36.15万,0次过户
262,宝马3系,2013款,320i,8万公里,2013-09,温州,2年黄金会员,9.28,36.80万,0次过户
263,宝马3系,2019款,320Li,5万公里,2019-06,温州,1年黄金会员,19.5,36.88万,0次过户
264,宝马3系,2019款,320i,8.1万公里,2019-04,杭州,3年钻石会员,18.98,36.88万,无
265,宝马X1,2021款,改款,0.36万公里,2021-12,杭州,6年钻石会员,23.98,36.88万,新上架-准新车
266,宝马X1,2021款,xDrive25Li,0.3万公里,2021-10,丽水,2年黄金会员,22.98,36.88万,准新车-0次过户
267,宝马X1,2022款,改款,1.6万公里,2022-02,台州,6年黄金会员,23.58,36.88万,新上架-准新车
268,宝马3系,2019款,320i,4万公里,2019-02,温州,2年黄金会员,19.58,36.88万,0次过户
269,宝马3系,2019款,320Li,5万公里,2019-03,宁波,4年黄金会员,20.6,36.88万,0次过户
270,宝马3系,2019款,320Li,3.8万公里,2019-10,宁波,1年黄金会员,19.58,36.88万,0次过户
271,宝马3系,2019款,320Li,6.5万公里,2019-07,嘉兴,5年钻石会员,21.8,36.88万,0次过户
272,宝马X1,2021款,改款,0.3万公里,2021-10,丽水,2年黄金会员,23.88,36.88万,准新车-0次过户
273,宝马3系,2019款,320i,2.7万公里,2019-02,绍兴,6年黄金会员,17.98,36.88万,新上架-0次过户
274,宝马3系,2023款,325i,0.02万公里,未上牌,杭州,6年钻石会员,31.58,36.90万,新上架-准新车
275,宝马3系,2014款,320i,6.13万公里,2014-07,杭州,1年会员,11.4,37.23万,无
276,宝马3系,2014款,320i,12.5万公里,2014-02,杭州,6年钻石会员,11.88,37.23万,新上架-0次过户
277,宝马X1,2016款,sDrive20Li,7.9万公里,2016-11,嘉兴,2年黄金会员,15.3,37.45万,无
278,宝马5系,2012款,523Li,11万公里,2012-08,宁波,1年会员,22.3,37.66万,新上架-0次过户
279,宝马3系,2021款,325Li,6.5万公里,2021-02,宁波,1年会员,22.3,37.66万,新上架-0次过户
280,宝马3系,2021款,改款二,0.8万公里,2021-12,温州,1年黄金会员,29.98,37.66万,准新车-0次过户
281,宝马3系,2021款,改款,0.51万公里,2021-09,杭州,5年黄金会员,29.6,37.66万,准新车-原厂质保
282,宝马3系,2021款,改款,2万公里,2021-05,温州,3年黄金会员,30.8,37.66万,无
283,宝马3系,2020款,改款,0.6万公里,2020-10,杭州,2年黄金会员,28.8,37.66万,0次过户-原厂质保
284,宝马3系,2021款,改款,2.5万公里,2021-03,杭州,6年钻石会员,29.8,37.66万,新上架-准新车
285,宝马3系,2020款,325Li,3万公里,2019-09,宁波,2年黄金会员,25.0,37.66万,0次过户
286,宝马3系,2021款,325Li,3万公里,2021-03,丽水,3年黄金会员,27.98,37.66万,准新车-0次过户
287,宝马3系,2020款,325Li,3.7万公里,2019-11,宁波,1年会员,22.8,37.66万,0次过户
288,宝马5系,2021款,530Li,1.7万公里,2021-08,宁波,1年黄金会员,28.88,37.66万,准新车-0次过户
289,宝马3系,2021款,325Li,2.7万公里,2021-02,衢州,1年黄金会员,28.88,37.66万,准新车-0次过户
290,宝马3系,2020款,325Li,4万公里,2020-09,宁波,1年黄金会员,25.0,37.66万,0次过户-原厂质保
291,宝马3系,2021款,325Li,0.88万公里,2021-07,湖州,3年黄金会员,29.6,37.66万,新上架-准新车
292,宝马3系,2022款,改款,0.01万公里,未上牌,杭州,6年钻石会员,31.5,37.66万,新上架-准新车
293,宝马3系,2020款,325Li,3.5万公里,2020-01,宁波,1年会员,25.78,37.66万,0次过户
294,宝马3系,2021款,325Li,2.8万公里,2021-01,台州,5年黄金会员,29.88,37.66万,0次过户-原厂质保
295,宝马3系,2020款,325Li,3万公里,2019-11,温州,3年黄金会员,26.5,37.66万,0次过户
296,宝马3系,2021款,325Li,1.7万公里,2021-04,宁波,1年会员,22.18,37.66万,准新车-0次过户
297,宝马3系,2021款,325Li,2.79万公里,2021-01,嘉兴,3年钻石会员,29.88,37.66万,原厂质保
298,宝马3系,2020款,325Li,3万公里,2020-05,宁波,2年黄金会员,22.6,37.66万,0次过户-原厂质保
299,宝马3系,2020款,325Li,2.6万公里,2020-03,宁波,2年黄金会员,25.0,37.66万,0次过户-原厂质保
300,宝马3系,2020款,325Li,3.11万公里,2020-07,衢州,6年黄金会员,26.58,37.66万,无
301,宝马3系,2020款,325Li,4万公里,2019-09,宁波,1年黄金会员,21.5,37.66万,0次过户
302,宝马3系,2018款,320Li,4.3万公里,2018-09,衢州,5年黄金会员,19.98,37.97万,无
303,宝马3系,2018款,320Li,4.6万公里,2018-01,温州,1年黄金会员,14.5,37.97万,无
304,宝马3系,2016款,320Li,7万公里,2016-06,温州,4年黄金会员,12.98,37.97万,新上架-0次过户
305,宝马3系,2015款,320Li,10万公里,2015-11,温州,1年黄金会员,13.18,37.97万,0次过户
306,宝马3系,2016款,320Li,7万公里,2015-12,宁波,2年黄金会员,15.8,37.97万,0次过户
307,宝马3系,2016款,320Li,8万公里,2016-02,宁波,2年黄金会员,14.58,37.97万,0次过户
308,宝马3系,2015款,320Li,6万公里,2015-08,绍兴,5年黄金会员,13.58,37.97万,无
309,宝马3系,2015款,320Li,10万公里,2015-06,金华,3年黄金会员,13.8,37.97万,新上架-0次过户
310,宝马3系,2012款,320i,11万公里,2012-01,温州,3年黄金会员,4.68,38.10万,无
311,宝马3系,2017款,320Li,8.6万公里,2017-06,宁波,1年黄金会员,15.98,38.41万,0次过户
312,宝马3系,2017款,320Li,11万公里,2017-08,绍兴,4年黄金会员,16.58,38.41万,0次过户
313,宝马3系,2017款,320Li,8.9万公里,2016-11,金华,6年黄金会员,15.88,38.41万,无
314,宝马3系,2017款,320Li,8万公里,2017-01,金华,5年黄金会员,16.2,38.41万,0次过户
315,宝马3系,2013款,320Li,8.7万公里,2014-05,温州,3年会员,11.98,38.49万,0次过户
316,宝马X5(进口),2018款,xDrive28i,6万公里,2017-11,宁波,1年黄金会员,8.58,38.49万,新上架-0次过户
317,宝马3系,2013款,320Li,16万公里,2013-04,台州,6年黄金会员,11.5,38.49万,0次过户
318,宝马1系,2021款,120i,1万公里,2021-02,宁波,1年黄金会员,8.58,38.49万,新上架-0次过户
319,宝马3系,2013款,320Li,8.69万公里,2012-12,宁波,1年黄金会员,8.58,38.49万,新上架-0次过户
320,宝马3系,2013款,320Li,11.32万公里,2014-03,杭州,6年黑金会员,12.78,38.49万,0次过户
321,宝马3系,2013款,320Li,13万公里,2014-03,温州,1年黄金会员,10.98,38.49万,无
322,宝马3系,2014款,320Li,10万公里,2014-12,温州,1年会员,11.8,38.95万,0次过户
323,宝马3系,2014款,320Li,4万公里,2015-06,温州,1年黄金会员,13.8,38.95万,0次过户
324,宝马3系,2015款,320Li,4.1万公里,2015-05,温州,3年会员,14.8,38.95万,0次过户
325,宝马3系,2014款,320Li,12万公里,2016-05,嘉兴,6年会员,14.8,38.95万,0次过户
326,宝马5系,2017款,525Li,9.81万公里,2017-01,杭州,2年会员,11.98,38.95万,无
327,宝马5系,2020款,530Li,2.8万公里,2020-08,宁波,2年会员,11.98,38.95万,无
328,宝马4系,2017款,425i,5.2万公里,2018-12,宁波,2年会员,11.98,38.95万,无
329,宝马3系,2014款,320Li,7.9万公里,2014-10,温州,1年会员,12.98,38.95万,无
330,宝马3系,2014款,320Li,12万公里,2014-08,嘉兴,2年会员,11.98,38.95万,无
331,宝马5系,2017款,525Li,7万公里,2017-04,宁波,2年会员,11.98,38.95万,无
332,宝马3系,2022款,325Li,0.3万公里,2022-06,杭州,6年黄金会员,32.8,38.96万,无
333,宝马X1,2015款,xDrive20i,9.6万公里,2015-11,绍兴,4年黄金会员,11.98,38.97万,0次过户
334,宝马4系,2017款,425i,6万公里,2019-03,嘉兴,3年黄金会员,23.8,39.06万,0次过户
335,宝马3系,2019款,320Li,6.1万公里,2019-03,杭州,3年黄金会员,21.88,39.06万,4S店直卖-0次过户
336,宝马3系GT,2020款,320i,1.8万公里,2021-04,湖州,5年黄金会员,28.98,39.06万,准新车-原厂质保
337,宝马3系,2019款,320Li,3万公里,2019-03,温州,3年黄金会员,18.8,39.06万,0次过户
338,宝马3系GT,2019款,320i,5万公里,2019-06,杭州,6年钻石会员,20.8,39.06万,无
339,宝马4系,2017款,425i,7.72万公里,2018-07,杭州,4年钻石会员,21.58,39.06万,无
340,宝马4系,2017款,425i,10.7万公里,2017-11,绍兴,4年黄金会员,20.98,39.06万,无
341,宝马3系,2019款,320Li,5.7万公里,2018-12,杭州,6年钻石会员,21.5,39.06万,新上架-4S店直卖
342,宝马4系,2017款,425i,1.5万公里,2019-01,杭州,6年钻石会员,24.98,39.06万,新上架-4S店直卖
343,宝马3系GT,2020款,320i,1.8万公里,2020-06,温州,3年黄金会员,26.8,39.06万,无
344,宝马4系,2017款,425i,9.8万公里,2019-01,湖州,4年黄金会员,23.68,39.06万,无
345,宝马3系,2022款,325Li,0.01万公里,未上牌,湖州,3年黄金会员,33.3,39.11万,新上架-准新车
346,宝马3系,2021款,325Li,3.7万公里,2021-02,台州,5年黄金会员,30.58,39.28万,准新车-原厂质保
347,宝马3系,2020款,325Li,4.4万公里,2020-01,宁波,1年黄金会员,25.8,39.28万,0次过户
348,宝马4系,2021款,425i,1.48万公里,2021-06,杭州,2年黄金会员,37.5,39.49万,无
349,宝马3系,2020款,325Li,4万公里,2021-02,宁波,2年黄金会员,24.6,39.50万,新上架-准新车
350,宝马3系,2020款,改款,6万公里,2020-03,宁波,7年黄金会员,27.9,39.50万,无
351,宝马3系,2021款,改款,1.7万公里,2021-03,杭州,6年钻石会员,32.5,39.72万,新上架-准新车
352,宝马3系,2021款,325Li,0.9万公里,2021-09,嘉兴,3年钻石会员,32.88,39.72万,新上架-准新车
353,宝马X1(进口),2010款,sDrive18i豪华型,7万公里,2012-03,杭州,3年黄金会员,6.88,39.84万,0次过户
354,宝马X1(进口),2012款,sDrive18i豪华型,10万公里,2013-02,绍兴,5年黄金会员,6.6,39.84万,0次过户
355,宝马X1(进口),2010款,sDrive18i豪华型,8万公里,2012-07,绍兴,2年黄金会员,6.88,39.84万,0次过户
356,宝马X1(进口),2010款,sDrive18i豪华型,15万公里,2011-01,金华,3年黄金会员,4.98,39.84万,0次过户
357,宝马X1(进口),2012款,sDrive18i豪华型,9.5万公里,2014-03,嘉兴,2年黄金会员,7.99,39.84万,0次过户
358,宝马1系(进口),2011款,120i,6万公里,2013-01,宁波,1年会员,9.6,39.95万,无
359,宝马1系(进口),2011款,120i,5万公里,2014-07,宁波,2年黄金会员,9.3,39.95万,0次过户
360,宝马1系(进口),2011款,120i,8.8万公里,2012-05,嘉兴,3年黄金会员,7.8,39.95万,无
361,宝马3系,2005款,320i,12万公里,2006-06,宁波,1年黄金会员,3.0,40.11万,0次过户
362,宝马3系GT,2018款,320i,4.5万公里,2018-10,温州,3年黄金会员,20.5,40.14万,无
363,宝马3系GT,2018款,320i,4.5万公里,2019-08,杭州,1年黄金会员,21.98,40.14万,无
364,宝马3系,2022款,330i,0.01万公里,未上牌,嘉兴,3年钻石会员,33.88,40.26万,新上架-准新车
365,宝马3系,2022款,330i,0.08万公里,未上牌,杭州,5年黑金会员,30.88,40.26万,新上架-准新车
366,宝马3系,2022款,330i,0.3万公里,2021-11,宁波,5年黄金会员,31.98,40.26万,新上架-准新车
367,宝马2系,2017款,220i,7.6万公里,2017-01,杭州,7年黄金会员,18.8,40.27万,0次过户
368,宝马2系,2018款,225i,6.6万公里,2017-12,宁波,3年钻石会员,19.5,40.57万,无
369,宝马4系,2022款,425i,1.43万公里,2022-01,杭州,5年黄金会员,38.98,40.59万,准新车-原厂质保
370,宝马4系,2022款,425i,1.3万公里,2022-02,金华,1年黄金会员,37.28,40.59万,准新车-0次过户
371,宝马3系(进口),2010款,320i豪华型,13万公里,2010-07,宁波,3年黄金会员,4.38,40.71万,0次过户
372,宝马3系,2010款,320i,9万公里,2011-11,宁波,1年黄金会员,5.0,40.71万,0次过户
373,宝马3系(进口),2013款,320i运动设计套装,7万公里,2013-08,嘉兴,1年黄金会员,10.88,41.14万,0次过户
374,宝马3系(进口),2013款,320i运动设计套装,16万公里,2012-10,绍兴,4年黄金会员,9.98,41.14万,无
375,宝马3系,2020款,330i,3.8万公里,2021-01,宁波,1年会员,28.8,41.24万,0次过户-原厂质保
376,宝马3系,2017款,320Li,8.84万公里,2017-03,杭州,6年黑金会员,16.58,41.24万,0次过户
377,宝马3系,2021款,改款,1.4万公里,2021-06,杭州,6年钻石会员,34.8,41.24万,新上架-准新车
378,宝马3系,2021款,330i,2.2万公里,2021-06,杭州,6年黄金会员,33.9,41.24万,新上架-准新车
379,宝马3系,2021款,330i,0.08万公里,未上牌,嘉兴,3年钻石会员,35.38,41.24万,准新车-0次过户
380,宝马3系,2023款,330i,0.2万公里,未上牌,杭州,6年钻石会员,34.58,41.45万,新上架-准新车
381,宝马3系,2023款,330i,0.01万公里,未上牌,嘉兴,3年钻石会员,35.5,41.45万,准新车-0次过户
382,宝马X1,2016款,xDrive20Li,9万公里,2017-04,温州,4年黄金会员,14.68,41.79万,无
383,宝马3系,2012款,320i,9万公里,2012-12,温州,1年会员,5.8,42.20万,0次过户
384,宝马X3,2018款,xDrive25i,13万公里,2019-03,金华,5年黄金会员,24.5,42.31万,无
385,宝马X3,2020款,xDrive25i,4万公里,2020-04,宁波,1年黄金会员,29.88,42.31万,0次过户-原厂质保
386,宝马X3,2021款,xDrive25i,5.4万公里,2021-01,杭州,1年黄金会员,31.68,42.31万,0次过户-原厂质保
387,宝马X3,2019款,xDrive25i,6万公里,2019-04,丽水,2年会员,27.88,42.31万,新上架-0次过户
388,宝马4系,2019款,425i,3万公里,2019-10,温州,4年黄金会员,29.98,42.31万,新上架-0次过户
389,宝马X3,2018款,xDrive25i,3.1万公里,2019-05,宁波,6年黄金会员,28.0,42.31万,0次过户
390,宝马X3,2020款,xDrive25i,4万公里,2020-04,衢州,5年黄金会员,30.88,42.31万,0次过户-原厂质保
391,宝马4系,2022款,425i,0.9万公里,2022-01,杭州,6年黄金会员,43.8,42.52万,无
392,宝马3系,2016款,320Li,6.2万公里,2015-12,嘉兴,2年黄金会员,15.28,42.75万,无
393,宝马3系,2013款,改款,12万公里,2014-05,温州,1年黄金会员,12.25,42.98万,无
394,宝马3系,2013款,改款,10万公里,2014-08,温州,1年黄金会员,12.98,42.98万,无
395,宝马X1新能源,2018款,xDrive25Le,6.1万公里,2018-06,金华,3年黄金会员,14.6,43.07万,0次过户
396,宝马3系,2015款,320Li,10万公里,2015-06,杭州,2年黄金会员,13.5,43.07万,无
397,宝马4系,2021款,425i,1.8万公里,2021-03,杭州,3年黄金会员,37.98,43.07万,准新车-0次过户
398,宝马X3,2022款,xDrive25i,0.7万公里,2022-07,杭州,4年黄金会员,34.8,43.08万,新上架-准新车
399,宝马3系GT,2016款,320i,9.9万公里,2017-10,杭州,5年会员,18.98,43.20万,无
400,宝马3系GT,2016款,320i,6.8万公里,2017-11,宁波,1年黄金会员,17.58,43.20万,0次过户
401,宝马3系,2013款,320Li,11.7万公里,2013-04,温州,2年黄金会员,10.9,43.31万,无
402,宝马X3,2018款,xDrive25i,8.81万公里,2018-10,衢州,3年黄金会员,24.9,43.40万,无
403,宝马4系,2017款,430i,6万公里,2018-04,嘉兴,4年会员,23.8,43.40万,0次过户
404,宝马4系,2014款,420i,10万公里,2015-03,湖州,4年会员,23.8,43.40万,0次过户
405,宝马X1新能源,2021款,xDrive30Le,2.3万公里,2021-06,杭州,6年钻石会员,22.8,43.40万,准新车-4S店直卖
406,宝马X3,2018款,xDrive25i,7.3万公里,2018-09,宁波,4年会员,23.8,43.40万,0次过户
407,宝马X3,2018款,xDrive25i,6万公里,2018-07,杭州,6年钻石会员,25.9,43.40万,无
408,宝马X3,2018款,xDrive25i,5万公里,2018-08,宁波,1年会员,24.3,43.40万,0次过户
409,宝马3系,2013款,改款,9万公里,2012-09,宁波,4年会员,23.8,43.40万,0次过户
410,宝马iX3,2022款,领先型,0.33万公里,2021-10,杭州,3年黄金会员,31.98,43.41万,准新车-0次过户
411,宝马iX3,2022款,领先型,1.3万公里,2022-02,杭州,4年黄金会员,28.8,43.41万,准新车-0次过户
412,宝马iX3,2022款,领先型,0.2万公里,2021-10,绍兴,1年黄金会员,31.0,43.41万,准新车-4S店直卖
413,宝马iX3,2022款,领先型,0.5万公里,2022-01,台州,3年黄金会员,29.8,43.41万,准新车-0次过户
414,宝马iX3,2022款,领先型,0.66万公里,2022-05,杭州,5年黄金会员,28.5,43.41万,准新车-原厂质保
415,宝马iX3,2021款,改款,2万公里,2021-06,杭州,6年钻石会员,26.8,43.41万,新上架-准新车
416,宝马iX3,2022款,领先型,1.8万公里,2022-01,嘉兴,3年会员,29.8,43.41万,无
417,宝马3系,2004款,325i,18万公里,2004-06,宁波,1年黄金会员,2.0,44.29万,0次过户
418,宝马X1,2013款,xDrive20i,10万公里,2013-11,温州,3年黄金会员,8.0,44.29万,0次过户
419,宝马3系,2010款,325i,9万公里,2010-10,宁波,1年黄金会员,4.5,44.29万,0次过户
420,宝马3系,2011款,325i,9万公里,2011-02,宁波,1年黄金会员,4.68,44.40万,0次过户
421,宝马3系GT,2019款,320i,5.1万公里,2019-10,嘉兴,6年黄金会员,21.8,44.48万,0次过户
422,宝马3系,2020款,330Li,3.8万公里,2020-10,温州,1年黄金会员,30.9,44.49万,无
423,宝马3系,2021款,330Li,0.15万公里,2022-11,嘉兴,3年钻石会员,36.0,44.49万,新上架-准新车
424,宝马5系(进口),2019款,525i,4.6万公里,2019-08,宁波,3年钻石会员,29.8,45.58万,无
425,宝马5系,2020款,525Li,4.2万公里,2020-02,宁波,1年会员,18.1,45.70万,0次过户
426,宝马X3(进口),2016款,sDrive20i,4.9万公里,2017-07,杭州,4年黄金会员,18.98,45.70万,0次过户
427,宝马3系,2017款,320Li,9.2万公里,2016-10,宁波,1年会员,18.1,45.70万,0次过户
428,宝马X3(进口),2016款,sDrive20i,8万公里,2017-08,温州,7年黄金会员,19.2,45.70万,0次过户
429,宝马X3(进口),2016款,sDrive20i,10.1万公里,2016-11,宁波,1年会员,18.1,45.70万,0次过户
430,宝马5系,2021款,改款,3万公里,2021-01,温州,1年黄金会员,34.8,45.80万,0次过户-原厂质保
431,宝马5系,2010款,520Li,9.3万公里,2009-12,宁波,3年黄金会员,4.58,45.98万,新上架-0次过户
432,宝马5系,2022款,525Li,0.6万公里,2022-06,台州,3年黄金会员,38.8,46.01万,准新车-原厂质保
433,宝马5系(进口),2021款,525i,4.5万公里,2021-01,台州,2年黄金会员,32.8,46.01万,0次过户-原厂质保
434,宝马5系(进口),2021款,525i,3万公里,2021-02,丽水,3年黄金会员,34.5,46.01万,准新车-原厂质保
435,宝马3系GT,2013款,320i,7.6万公里,2015-10,宁波,1年会员,29.98,46.22万,0次过户-原厂质保
436,宝马X3,2021款,xDrive28i,3万公里,2021-02,温州,1年黄金会员,33.68,46.22万,准新车-0次过户
437,宝马X3,2020款,,5.64万公里,2020-01,杭州,1年会员,29.18,46.22万,0次过户
438,宝马X3,2019款,xDrive28i,1.7万公里,2019-07,温州,3年黄金会员,29.8,46.22万,无
439,宝马X3,2020款,,5.4万公里,2020-08,丽水,1年会员,29.98,46.22万,0次过户-原厂质保
440,宝马X3,2019款,xDrive28i,7.49万公里,2019-09,杭州,5年黄金会员,28.98,46.22万,无
441,宝马X6,2008款,xDrive35i,12万公里,2010-05,宁波,1年会员,29.98,46.22万,0次过户-原厂质保
442,宝马X3,2020款,xDrive28i,7万公里,2020-05,宁波,3年钻石会员,29.8,46.22万,无
443,宝马X3,2019款,xDrive28i,5万公里,2019-10,温州,1年会员,27.5,46.22万,新上架-0次过户
444,宝马X3,2019款,xDrive28i,2.7万公里,2019-10,温州,1年黄金会员,27.9,46.22万,0次过户
445,宝马5系,2013款,525Li,9万公里,2013-01,宁波,1年会员,29.98,46.22万,0次过户-原厂质保
446,宝马X3,2020款,,5.7万公里,2019-12,嘉兴,2年黄金会员,29.8,46.22万,无
447,宝马3系,2017款,320Li,7万公里,2017-08,宁波,1年会员,29.98,46.22万,0次过户-原厂质保
448,宝马X3,2018款,xDrive28i,6.9万公里,2019-04,绍兴,5年黄金会员,27.88,46.22万,0次过户
449,宝马X3,2020款,,2.36万公里,2020-05,宁波,1年黄金会员,30.48,46.22万,无
450,宝马X3,2020款,,4.5万公里,2019-10,温州,1年黄金会员,29.8,46.22万,无
451,宝马X3,2018款,xDrive28i,9.27万公里,2019-01,台州,7年钻石会员,27.5,46.22万,无
452,宝马X3,2020款,xDrive28i,2.3万公里,2020-01,杭州,2年黄金会员,30.8,46.22万,0次过户
453,宝马X3,2019款,xDrive28i,3万公里,2019-08,温州,4年黄金会员,28.9,46.22万,无
454,宝马X3,2019款,xDrive28i,6万公里,2019-06,宁波,1年黄金会员,28.6,46.22万,0次过户
455,宝马X3,2018款,xDrive28i,4.8万公里,2019-01,杭州,3年黄金会员,29.8,46.22万,4S店直卖-0次过户
456,宝马5系,2019款,525Li,7.1万公里,2019-01,金华,3年黄金会员,29.3,46.34万,无
457,宝马5系,2020款,525Li,4万公里,2020-06,温州,2年黄金会员,32.58,46.34万,0次过户-原厂质保
458,宝马5系,2019款,525Li,4.6万公里,2019-03,宁波,1年黄金会员,28.3,46.34万,0次过户
459,宝马5系,2019款,525Li,6.9万公里,2019-02,杭州,3年钻石会员,28.98,46.34万,无
460,宝马5系,2019款,改款,5.8万公里,2020-01,杭州,2年黄金会员,30.98,46.34万,0次过户
461,宝马5系,2021款,525Li,3.5万公里,2021-03,杭州,6年黄金会员,35.8,46.34万,新上架-准新车
462,宝马5系,2021款,525Li,1.8万公里,2021-01,宁波,4年会员,33.8,46.34万,0次过户-原厂质保
463,宝马5系,2020款,525Li,6.95万公里,2020-02,温州,3年黄金会员,33.8,46.34万,无
464,宝马5系,2019款,525Li,8万公里,2019-05,绍兴,5年黄金会员,29.98,46.34万,无
465,宝马5系,2020款,525Li,5.6万公里,2020-01,丽水,4年黄金会员,33.68,46.34万,无
466,宝马5系,2019款,525Li,5.7万公里,2018-12,宁波,1年黄金会员,27.3,46.34万,0次过户
467,宝马5系,2021款,525Li,3万公里,2021-08,温州,1年黄金会员,37.8,46.34万,无
468,宝马5系,2012款,520Li,9万公里,2012-05,宁波,1年黄金会员,8.88,46.52万,新上架-0次过户
469,宝马5系,2013款,525Li,13.8万公里,2013-05,宁波,2年黄金会员,10.28,46.52万,新上架-0次过户
470,宝马5系,2013款,520Li,11万公里,2013-07,温州,1年会员,11.68,46.52万,0次过户
471,宝马5系,2012款,520Li,5.9万公里,2012-03,杭州,6年黑金会员,13.58,46.52万,0次过户
472,宝马5系,2012款,520Li,10.5万公里,2012-07,温州,2年黄金会员,10.28,46.52万,新上架-0次过户
473,宝马5系,2013款,520Li,13万公里,2013-03,金华,4年黄金会员,12.8,46.52万,0次过户
474,宝马2系,2015款,220i,5.2万公里,2015-05,丽水,1年黄金会员,16.8,46.57万,无
475,宝马2系,2015款,220i,5.5万公里,2016-03,宁波,2年黄金会员,17.0,46.57万,无
476,宝马2系,2015款,220i,6.8万公里,2018-03,杭州,1年黄金会员,21.28,46.57万,0次过户
477,宝马5系(进口),2018款,525i,6.8万公里,2018-08,宁波,1年黄金会员,26.98,46.66万,0次过户
478,宝马3系,2015款,328Li,12万公里,2015-03,金华,5年黄金会员,14.5,46.76万,0次过户
479,宝马3系,2017款,330Li,7万公里,2017-05,杭州,4年黄金会员,19.5,46.77万,0次过户
480,宝马5系,2017款,520Li,13万公里,2017-01,金华,2年黄金会员,19.8,47.28万,无
481,宝马3系,2015款,320Li,7.8万公里,2015-06,宁波,4年会员,15.88,47.28万,新上架-0次过户
482,宝马5系,2018款,改款,5.8万公里,2018-05,宁波,4年会员,15.88,47.28万,新上架-0次过户
483,宝马5系,2014款,520Li,10万公里,2016-05,丽水,1年会员,18.88,47.28万,0次过户
484,宝马5系,2014款,525Li,6.6万公里,2015-05,宁波,4年会员,15.88,47.28万,新上架-0次过户
485,宝马5系,2014款,520Li,10万公里,2015-12,温州,4年会员,15.88,47.28万,新上架-0次过户
486,宝马5系,2014款,520Li,9万公里,2015-04,温州,6年黄金会员,16.8,47.28万,0次过户
487,宝马5系,2018款,530Li,8万公里,2018-02,宁波,4年会员,15.88,47.28万,新上架-0次过户
488,宝马5系,2017款,520Li,7万公里,2017-05,温州,1年会员,19.8,47.28万,新上架-0次过户
489,宝马X3,2022款,xDrive30i,0.6万公里,2021-09,台州,3年黄金会员,37.5,47.41万,无
490,宝马X3,2022款,xDrive30i,1.2万公里,2021-12,嘉兴,3年钻石会员,37.58,47.41万,准新车-原厂质保
491,宝马X3,2022款,xDrive30i,1.5万公里,2022-01,杭州,6年黄金会员,38.8,47.41万,无
492,宝马X3,2022款,xDrive30i,1.7万公里,2022-01,杭州,6年黄金会员,37.99,47.41万,新上架-准新车
493,宝马X3,2022款,xDrive30i,0.01万公里,未上牌,杭州,6年黄金会员,36.8,47.41万,新上架-准新车
494,宝马X3,2022款,xDrive30i,1万公里,2021-10,杭州,6年黄金会员,37.8,47.41万,无
495,宝马5系,2018款,525Li,4.2万公里,2019-01,杭州,1年黄金会员,30.88,47.42万,0次过户
496,宝马5系,2018款,525Li,9.4万公里,2018-08,杭州,1年会员,27.8,47.42万,0次过户
497,宝马5系,2018款,525Li,7万公里,2018-06,温州,1年黄金会员,28.8,47.42万,无
498,宝马5系,2018款,525Li,7万公里,2018-08,宁波,1年会员,27.8,47.42万,0次过户
499,宝马5系,2018款,525Li,7万公里,2018-09,宁波,3年钻石会员,27.8,47.42万,无
500,宝马iX3,2022款,创领型,0.64万公里,2021-09,杭州,5年黑金会员,33.88,47.75万,新上架-准新车
501,宝马iX3,2021款,创领型,2.23万公里,2021-06,台州,2年黄金会员,28.78,47.75万,准新车-0次过户
502,宝马iX3,2021款,改款,0.01万公里,未上牌,杭州,5年黑金会员,29.88,47.75万,新上架-准新车
503,宝马iX3,2021款,创领型,0.18万公里,未上牌,湖州,3年黄金会员,34.6,47.75万,新上架-准新车
504,宝马iX3,2021款,创领型,2.4万公里,2021-03,台州,1年黄金会员,28.98,47.75万,无
505,宝马iX3,2021款,创领型,0.01万公里,未上牌,杭州,6年黄金会员,29.8,47.75万,新上架-准新车
506,宝马X5(进口),2019款,xDrive40i,3.58万公里,2019-08,宁波,2年黄金会员,28.78,47.75万,准新车-0次过户
507,宝马iX3,2021款,创领型,1万公里,2021-02,杭州,5年黑金会员,27.88,47.75万,新上架-准新车
508,宝马iX3,2022款,创领型,1.6万公里,2021-11,嘉兴,3年钻石会员,31.58,47.75万,新上架-准新车
509,宝马iX3,2021款,创领型,0.6万公里,2021-06,湖州,1年黄金会员,27.98,47.75万,准新车-4S店直卖
510,宝马iX3,2022款,创领型,0.55万公里,2021-09,杭州,5年黄金会员,33.98,47.75万,准新车-0次过户
511,宝马iX3,2021款,创领型,3万公里,2021-04,杭州,6年黄金会员,27.8,47.75万,新上架-准新车
512,宝马X3,2022款,改款二,0.01万公里,未上牌,杭州,5年黑金会员,36.99,47.97万,准新车-0次过户
513,宝马X3,2022款,改款,0.01万公里,未上牌,杭州,5年黄金会员,36.98,47.97万,新上架-准新车
514,宝马X3,2022款,改款,0.01万公里,未上牌,杭州,6年黄金会员,36.8,47.97万,新上架-准新车
515,宝马X3,2022款,改款,1万公里,2022-01,金华,3年黄金会员,36.8,47.97万,无
516,宝马X3,2022款,改款二,0.01万公里,未上牌,杭州,6年钻石会员,36.88,47.97万,新上架-准新车
517,宝马3系GT,2013款,320i,14万公里,2014-05,金华,3年黄金会员,14.0,48.30万,0次过户
518,宝马3系,2018款,330i,8.1万公里,2018-11,湖州,1年黄金会员,20.88,48.50万,4S店直卖
519,宝马4系,2022款,430i,1.6万公里,2021-10,杭州,2年黄金会员,46.8,48.72万,准新车-0次过户
520,宝马3系,2013款,328Li,11.3万公里,2013-03,宁波,1年黄金会员,9.78,48.74万,无
521,宝马5系,2011款,523Li,18万公里,2011-11,嘉兴,1年黄金会员,9.0,48.80万,0次过户
522,宝马5系,2011款,523Li,12.7万公里,2011-05,杭州,3年黄金会员,9.88,48.80万,0次过户
523,宝马5系,2011款,523Li,10万公里,2011-12,温州,1年会员,10.8,48.80万,0次过户
524,宝马5系,2011款,523Li,22万公里,2011-12,湖州,1年黄金会员,8.25,48.80万,0次过户
525,宝马5系,2011款,523Li,13万公里,2011-09,金华,3年黄金会员,9.6,48.80万,无
526,宝马5系,2019款,530Li,5.5万公里,2019-11,宁波,1年会员,10.8,48.80万,无
527,宝马5系,2011款,523Li,10.6万公里,2011-12,宁波,1年会员,10.8,48.80万,无
528,宝马2系,2018款,M240i,8万公里,2018-04,杭州,4年黄金会员,28.8,48.82万,0次过户
529,宝马5系,2018款,528Li,9万公里,2017-11,宁波,1年黄金会员,23.88,48.84万,新上架-0次过户
530,宝马5系,2018款,528Li,12.5万公里,2018-01,杭州,2年黄金会员,27.5,48.84万,无
531,宝马5系,2018款,528Li,5.8万公里,2018-01,嘉兴,4年黄金会员,28.99,48.84万,0次过户
532,宝马5系,2018款,528Li,7万公里,2017-12,宁波,1年黄金会员,24.88,48.84万,无
533,宝马5系,2018款,528Li,11万公里,2018-01,温州,1年黄金会员,25.8,48.84万,新上架
534,宝马5系,2018款,528Li,8万公里,2018-03,温州,4年黄金会员,25.98,48.84万,无
535,宝马5系,2018款,528Li,5万公里,2018-03,宁波,3年会员,24.0,48.84万,0次过户
536,宝马5系,2018款,528Li,10万公里,2018-04,温州,3年黄金会员,25.8,48.84万,新上架
537,宝马5系,2018款,528Li,8万公里,2018-03,金华,6年黄金会员,26.58,48.84万,无
538,宝马X4,2021款,xDrive,2.2万公里,2021-03,宁波,4年会员,34.6,49.49万,准新车-0次过户
539,宝马X4,2020款,xDrive25i,6万公里,2019-12,温州,3年黄金会员,29.8,49.49万,无
540,宝马5系(进口),2014款,520i,7万公里,2017-01,宁波,3年钻石会员,18.0,49.61万,0次过户
541,宝马5系,2013款,525Li,16万公里,2013-04,金华,2年黄金会员,12.8,49.89万,无
542,宝马5系,2013款,525Li,9万公里,2013-01,温州,7年黄金会员,14.6,49.89万,0次过户
543,宝马5系,2013款,525Li,11万公里,2013-08,温州,3年黄金会员,13.8,49.89万,0次过户
544,宝马5系,2012款,523Li,15万公里,2012-01,嘉兴,3年黄金会员,12.5,49.89万,0次过户
545,宝马5系,2013款,525Li,13万公里,2013-11,金华,3年黄金会员,14.8,49.89万,0次过户
546,宝马4系,2021款,430i,2.5万公里,2021-01,杭州,2年黄金会员,45.8,49.91万,无
547,宝马4系,2021款,改款,1.3万公里,2022-01,台州,7年钻石会员,49.8,49.91万,准新车-原厂质保
548,宝马4系,2021款,430i,1.4万公里,2021-04,杭州,4年黄金会员,45.8,49.91万,无
549,宝马4系,2021款,改款,2.1万公里,2021-08,杭州,2年黄金会员,45.8,49.91万,准新车-原厂质保
550,宝马X3(进口),2014款,xDrive20i,7.2万公里,2015-02,宁波,2年黄金会员,15.8,49.93万,无
551,宝马3系,2005款,325i,16万公里,2006-10,宁波,2年黄金会员,3.3,50.04万,0次过户
552,宝马5系,2019款,530Li,4万公里,2019-04,绍兴,4年黄金会员,34.88,50.36万,0次过户
553,宝马5系,2019款,530Li,5.1万公里,2019-06,温州,3年黄金会员,32.8,50.36万,0次过户
554,宝马5系,2019款,改款,4.9万公里,2019-08,温州,3年黄金会员,31.5,50.36万,无
555,宝马5系,2022款,530Li,0.05万公里,2022-08,衢州,6年黄金会员,41.88,50.36万,无
556,宝马5系,2019款,530Li,7万公里,2019-01,宁波,3年钻石会员,33.8,50.36万,无
557,宝马5系,2019款,530Li,4.8万公里,2019-04,金华,6年黄金会员,33.8,50.36万,无
558,宝马5系,2019款,530Li,7.9万公里,2019-05,丽水,2年黄金会员,31.88,50.36万,0次过户
559,宝马5系,2014款,525Li,9万公里,2015-10,宁波,1年黄金会员,18.5,50.65万,0次过户
560,宝马5系,2014款,525Li,10万公里,2016-01,金华,1年黄金会员,16.98,50.65万,0次过户
561,宝马5系,2014款,525Li,12.8万公里,2014-01,宁波,1年会员,14.5,50.65万,无
562,宝马5系,2014款,525Li,8.5万公里,2015-09,宁波,1年会员,14.5,50.65万,0次过户
563,宝马5系,2014款,525Li,8万公里,2015-02,温州,1年黄金会员,18.8,50.65万,新上架
564,宝马5系,2014款,525Li,13万公里,2015-10,温州,1年黄金会员,15.98,50.65万,0次过户
565,宝马5系,2014款,525Li,10.5万公里,2015-01,宁波,1年会员,14.5,50.65万,0次过户
566,宝马5系,2017款,525Li,10万公里,2016-12,台州,1年黄金会员,15.8,50.65万,0次过户
567,宝马5系,2014款,525Li,15.71万公里,2014-03,杭州,6年黑金会员,16.68,50.65万,0次过户
568,宝马5系,2014款,525Li,9.5万公里,2016-02,宁波,1年黄金会员,18.0,50.65万,无
569,宝马5系,2014款,525Li,8万公里,2016-06,嘉兴,2年黄金会员,19.8,50.65万,0次过户
570,宝马X4,2014款,xDrive20i,6.5万公里,2015-04,宁波,3年会员,38.0,50.68万,准新车-0次过户
571,宝马4系,2014款,428i,6.8万公里,2014-07,宁波,3年会员,38.0,50.68万,准新车-0次过户
572,宝马3系,2023款,320Li,0.01万公里,2022-11,宁波,3年会员,38.0,50.68万,准新车-0次过户
573,宝马5系,2018款,528Li,6万公里,2018-02,宁波,3年会员,38.0,50.68万,准新车-0次过户
574,宝马X1,2019款,sDrive18Li,4.2万公里,2019-06,宁波,3年会员,38.0,50.68万,准新车-0次过户
575,宝马5系,2021款,530Li,1.5万公里,2021-03,宁波,3年会员,38.0,50.68万,准新车-0次过户
576,宝马5系,2021款,530Li,1.8万公里,2021-05,嘉兴,6年黄金会员,39.98,50.68万,准新车-0次过户
577,宝马5系,2013款,525Li,9万公里,2013-09,宁波,4年会员,37.8,50.68万,0次过户-原厂质保
578,宝马X5(进口),2014款,xDrive35i,6.8万公里,2016-01,宁波,4年会员,37.8,50.68万,0次过户-原厂质保
579,宝马Z4,2012款,sDrive20i领先型,4.8万公里,2013-08,宁波,4年会员,37.8,50.68万,0次过户-原厂质保
580,宝马3系,2011款,320i,9万公里,2011-11,宁波,4年会员,37.8,50.68万,0次过户-原厂质保
581,宝马M3,2009款,M3敞篷轿跑车,8.6万公里,2011-06,宁波,4年会员,37.8,50.68万,0次过户-原厂质保
582,宝马5系,2018款,528Li,5.8万公里,2017-08,宁波,4年会员,37.8,50.68万,0次过户-原厂质保
583,宝马5系,2021款,530Li,1.8万公里,2021-01,宁波,4年会员,37.8,50.68万,0次过户-原厂质保
584,宝马5系,2021款,530Li,2万公里,2021-04,金华,7年黄金会员,38.98,50.68万,准新车-原厂质保
585,宝马5系,2020款,530Li,6.8万公里,2019-11,宁波,3年钻石会员,33.8,50.68万,无
586,宝马3系,2017款,318Li,8万公里,2017-08,宁波,4年会员,37.8,50.68万,0次过户-原厂质保
587,宝马X6,2008款,xDrive35i,15万公里,2008-11,宁波,4年会员,37.8,50.68万,0次过户-原厂质保
588,宝马5系,2009款,523Li,13万公里,2009-08,宁波,1年黄金会员,4.5,50.87万,0次过户
589,宝马4系,2021款,425i,1万公里,2021-09,台州,2年黄金会员,47.8,50.89万,准新车-0次过户
590,宝马3系(进口),2013款,320i运动设计套装,14万公里,2014-09,宁波,2年黄金会员,14.98,50.97万,无
591,宝马5系,2022款,改款,1万公里,2022-06,杭州,3年黄金会员,42.8,51.22万,准新车-0次过户
592,宝马X1(进口),2010款,xDrive25i,13万公里,2011-10,丽水,1年会员,4.68,51.34万,无
593,宝马X1(进口),2010款,xDrive25i,17.8万公里,2012-01,金华,3年会员,6.99,51.34万,0次过户
594,宝马4系,2022款,430i,0.01万公里,未上牌,湖州,3年黄金会员,51.8,51.66万,新上架-准新车
595,宝马4系,2022款,430i,1.15万公里,2022-04,杭州,1年黄金会员,47.18,51.66万,准新车-原厂质保
596,宝马4系,2022款,430i,0.01万公里,未上牌,杭州,5年黑金会员,48.8,51.66万,准新车-0次过户
597,宝马5系,2018款,改款,7.8万公里,2019-01,金华,3年黄金会员,30.08,51.77万,0次过户
598,宝马5系,2018款,改款,3.8万公里,2019-01,温州,1年黄金会员,34.8,51.77万,无
599,宝马5系,2018款,改款,6.2万公里,2018-08,宁波,3年钻石会员,31.0,51.77万,无
600,宝马5系,2018款,改款,2.1万公里,2018-09,宁波,1年会员,29.18,51.77万,无
601,宝马5系,2018款,530Li,9.2万公里,2018-02,丽水,1年会员,28.8,51.98万,0次过户
602,宝马3系,2018款,330Li,5万公里,2019-02,宁波,4年会员,25.98,51.98万,0次过户
603,宝马5系,2018款,改款,4.38万公里,2018-06,宁波,4年会员,25.98,51.98万,0次过户
604,宝马X5(进口),2021款,xDrive40i,4万公里,2021-11,宁波,4年会员,25.98,51.98万,0次过户
605,宝马X1,2014款,sDrive18i,8.2万公里,2015-04,宁波,4年会员,25.98,51.98万,0次过户
606,宝马5系,2018款,530Li,8.3万公里,2017-10,宁波,4年会员,25.98,51.98万,0次过户
607,宝马5系,2018款,530Li,11万公里,2017-11,金华,1年黄金会员,24.8,51.98万,新上架
608,宝马5系,2018款,530Li,10万公里,2017-12,湖州,1年黄金会员,27.5,51.98万,0次过户
609,宝马5系,2018款,530Li,7万公里,2017-12,温州,1年黄金会员,28.88,51.98万,0次过户
610,宝马X3,2022款,改款,0.5万公里,2021-10,台州,3年黄金会员,40.8,52.08万,无
611,宝马X3,2020款,,3.7万公里,2020-07,台州,3年黄金会员,34.98,52.08万,原厂质保
612,宝马X3,2020款,,4万公里,2020-09,宁波,1年黄金会员,32.5,52.08万,无
613,宝马3系,2007款,325i,12万公里,2007-12,宁波,1年黄金会员,3.0,52.21万,0次过户
614,宝马3系,2007款,325i,13.8万公里,2007-01,宁波,1年黄金会员,3.0,52.21万,0次过户
615,宝马5系,2008款,523Li,13万公里,2009-04,宁波,1年黄金会员,4.28,52.82万,无
616,宝马4系,2014款,420i,9.4万公里,2015-02,丽水,2年黄金会员,16.88,52.97万,0次过户
617,宝马4系,2016款,420i,5万公里,2017-08,金华,1年会员,21.0,52.97万,无
618,宝马Z4,2019款,sDrive,2.9万公里,2020-05,金华,6年黄金会员,37.88,53.06万,0次过户-原厂质保
619,宝马Z4,2022款,sDrive,0.8万公里,2021-10,台州,2年黄金会员,43.8,53.06万,准新车-0次过户
620,宝马5系,2011款,523Li,9万公里,2011-04,温州,1年黄金会员,9.5,53.14万,0次过户
621,宝马5系,2011款,523Li,10万公里,2011-09,温州,3年黄金会员,10.8,53.14万,0次过户
622,宝马5系,2011款,523Li,17万公里,2011-11,金华,3年黄金会员,10.6,53.14万,无
623,宝马5系,2011款,523Li,11万公里,2011-10,温州,3年黄金会员,11.2,53.14万,0次过户
624,宝马5系,2011款,523Li,21万公里,2011-03,金华,2年黄金会员,8.98,53.14万,0次过户
625,宝马X4,2014款,xDrive20i,10.8万公里,2014-10,宁波,1年会员,15.0,53.17万,0次过户
626,宝马X4,2014款,xDrive20i,6.9万公里,2015-06,宁波,1年黄金会员,17.28,53.17万,0次过户
627,宝马3系(进口),2011款,320i双门轿跑车,8万公里,2012-02,温州,7年黄金会员,9.98,53.30万,无
628,宝马5系,2022款,改款二,0.1万公里,2022-11,台州,1年黄金会员,43.88,53.39万,新上架-准新车
629,宝马5系,2013款,525Li,12万公里,2014-06,台州,4年黄金会员,18.88,53.69万,0次过户
630,宝马5系,2013款,525Li,12万公里,2012-12,杭州,3年黄金会员,12.98,53.69万,无
631,宝马5系,2013款,525Li,15万公里,2013-05,绍兴,5年黄金会员,13.88,53.69万,0次过户
632,宝马iX3,2021款,改款,0.6万公里,2021-10,温州,5年黄金会员,13.88,53.69万,0次过户
633,宝马X3,2018款,xDrive30i,6万公里,2018-06,温州,1年黄金会员,25.99,53.93万,0次过户
634,宝马5系新能源,2019款,530Le,9.31万公里,2018-11,杭州,2年黄金会员,29.5,53.94万,无
635,宝马5系新能源,2019款,530Le,6.7万公里,2019-04,嘉兴,3年黄金会员,28.8,53.94万,无
636,宝马5系新能源,2019款,530Le,7.98万公里,2018-09,杭州,6年黑金会员,28.18,53.94万,0次过户
637,宝马5系新能源,2019款,改款,7万公里,2019-09,宁波,3年钻石会员,29.88,53.94万,无
638,宝马3系(进口),2009款,320i双门轿跑车,8万公里,2010-02,杭州,3年钻石会员,6.18,54.06万,0次过户
639,宝马4系,2021款,改款,0.23万公里,2021-10,绍兴,1年黄金会员,49.0,54.14万,准新车-4S店直卖
640,宝马5系,2018款,530Li,6.1万公里,2018-01,宁波,1年会员,30.28,54.15万,0次过户
641,宝马X3(进口),2013款,xDrive20i,21.6万公里,2013-08,杭州,6年黑金会员,12.28,54.17万,0次过户
642,宝马X3(进口),2013款,xDrive20i,14.01万公里,2014-01,温州,7年黄金会员,15.5,54.17万,0次过户
643,宝马X3(进口),2013款,xDrive20i,10.9万公里,2014-01,杭州,6年黑金会员,14.88,54.17万,0次过户
644,宝马5系,2014款,525Li,8.4万公里,2015-04,宁波,1年黄金会员,16.8,54.23万,0次过户
645,宝马5系,2014款,525Li,10万公里,2014-08,丽水,1年黄金会员,15.3,54.23万,无
646,宝马5系,2014款,525Li,9万公里,2015-04,金华,1年黄金会员,18.6,54.23万,新上架-0次过户
647,宝马5系,2014款,525Li,15.1万公里,2015-04,杭州,4年钻石会员,17.5,54.23万,无
648,宝马5系,2017款,525Li,7万公里,2016-12,绍兴,3年黄金会员,18.8,54.23万,无
649,宝马5系,2014款,525Li,11万公里,2015-03,宁波,1年黄金会员,18.68,54.23万,无
650,宝马7系,2018款,730Li,7万公里,2019-05,宁波,4年会员,42.8,54.26万,准新车-0次过户
651,宝马5系新能源,2022款,535Le,0.01万公里,2022-10,温州,4年会员,42.8,54.26万,准新车-0次过户
652,宝马5系新能源,2020款,里程升级版,6.7万公里,2020-07,杭州,2年黄金会员,29.98,54.26万,无
653,宝马5系新能源,2022款,535Le,0.4万公里,2021-11,丽水,3年黄金会员,36.5,54.26万,准新车-0次过户
654,宝马X1,2018款,xDrive20Li,6.3万公里,2018-05,宁波,5年黄金会员,46.58,54.26万,准新车-0次过户
655,宝马5系新能源,2021款,535Le,1.2万公里,2021-08,杭州,6年黄金会员,37.9,54.26万,新上架-准新车
656,宝马5系,2022款,改款,0.96万公里,2022-05,衢州,5年黄金会员,46.58,54.26万,准新车-0次过户
657,宝马5系新能源,2021款,535Le,0.3万公里,2021-11,嘉兴,3年钻石会员,39.58,54.26万,准新车-0次过户
658,宝马5系新能源,2020款,里程升级版,8万公里,2020-09,宁波,1年黄金会员,31.6,54.26万,0次过户-原厂质保
659,宝马5系新能源,2020款,里程升级版,4.1万公里,2020-06,杭州,6年黄金会员,29.9,54.26万,新上架-原厂质保
660,宝马5系新能源,2021款,535Le,1万公里,2021-10,宁波,7年黄金会员,35.0,54.26万,新上架-准新车
661,宝马5系新能源,2020款,530Le,5万公里,2019-12,绍兴,4年黄金会员,29.58,54.26万,0次过户
662,宝马5系新能源,2021款,535Le,3万公里,2021-01,杭州,3年黄金会员,36.8,54.26万,4S店直卖-0次过户
663,宝马X3(进口),2014款,xDrive20i,20.62万公里,2016-10,杭州,6年黑金会员,17.88,54.49万,0次过户
664,宝马X3(进口),2016款,xDrive20i,9万公里,2017-03,温州,3年黄金会员,18.8,54.49万,0次过户
665,宝马3系,2020款,改款,1.9万公里,2020-08,温州,1年会员,18.8,54.49万,0次过户
666,宝马5系新能源,2019款,530Le,7万公里,2018-08,宁波,1年会员,18.8,54.49万,0次过户
667,宝马X3(进口),2016款,xDrive20i,9万公里,2017-03,温州,1年会员,18.8,54.49万,0次过户
668,宝马5系,2010款,523Li,11万公里,2010-04,温州,2年黄金会员,4.88,54.66万,0次过户
669,宝马1系(进口),2013款,改款,10万公里,2014-04,宁波,4年黄金会员,21.8,54.82万,无
670,宝马5系,2019款,530Li,6万公里,2019-04,台州,7年黄金会员,34.98,55.02万,0次过户
671,宝马5系,2020款,530Li,4万公里,2019-12,宁波,1年黄金会员,35.6,55.02万,0次过户
672,宝马5系,2021款,530Li,2万公里,2021-04,宁波,1年会员,36.8,55.02万,准新车-0次过户
673,宝马5系,2021款,530Li,2.65万公里,2021-01,杭州,4年钻石会员,39.88,55.02万,无
674,宝马5系,2019款,530Li,5.6万公里,2018-12,宁波,1年黄金会员,31.58,55.02万,0次过户
675,宝马5系,2020款,530Li,5万公里,2020-06,宁波,3年钻石会员,34.99,55.02万,新上架-0次过户
676,宝马5系,2020款,530Li,8万公里,2019-11,温州,1年黄金会员,35.8,55.02万,0次过户
677,宝马5系,2021款,530Li,2万公里,2021-05,宁波,4年黄金会员,43.98,55.02万,准新车-原厂质保
678,宝马5系,2020款,530Li,5万公里,2020-03,温州,1年黄金会员,38.8,55.02万,无
679,宝马5系,2020款,530Li,2.3万公里,2020-10,嘉兴,2年黄金会员,38.28,55.02万,0次过户-原厂质保
680,宝马Z4,2019款,sDrive,1.5万公里,2021-02,嘉兴,6年黄金会员,41.98,55.23万,准新车-0次过户
681,宝马Z4,2019款,sDrive,1.8万公里,2019-12,杭州,6年钻石会员,38.88,55.23万,新上架-4S店直卖
682,宝马4系,2017款,425i,4万公里,2018-09,宁波,1年黄金会员,24.58,56.10万,无
683,宝马4系,2017款,425i,4万公里,2018-07,宁波,1年黄金会员,24.88,56.10万,无
684,宝马3系GT,2017款,330i,8.5万公里,2017-11,杭州,6年黄金会员,22.98,56.34万,新上架
685,宝马5系,2018款,530Li,9万公里,2017-11,宁波,1年黄金会员,28.58,56.98万,0次过户
686,宝马5系,2018款,530Li,8.5万公里,2017-11,宁波,4年会员,28.8,56.98万,新上架-0次过户
687,宝马5系,2018款,530Li,6万公里,2018-10,杭州,2年黄金会员,31.98,56.98万,无
688,宝马5系,2018款,530Li,5.6万公里,2018-01,温州,1年黄金会员,31.88,56.98万,0次过户
689,宝马4系,2014款,420i,8.99万公里,2014-12,宁波,1年会员,14.5,57.31万,无
690,宝马4系,2016款,420i,6.9万公里,2017-06,杭州,1年会员,20.98,57.31万,无
691,宝马3系GT,2013款,328i,9万公里,2016-06,温州,4年黄金会员,18.58,57.75万,无
692,宝马4系,2019款,425i,1.6万公里,2019-11,金华,1年黄金会员,37.8,58.27万,0次过户
693,宝马5系新能源,2022款,改款二,0.01万公里,未上牌,杭州,6年钻石会员,42.98,58.28万,新上架-准新车
694,宝马i4,2022款,M50,0.01万公里,未上牌,杭州,5年黑金会员,52.99,58.60万,准新车-0次过户
695,宝马X3(进口),2011款,xDrive28i,15.1万公里,2012-01,金华,5年黄金会员,9.8,59.16万,0次过户
696,宝马5系,2017款,528Li,5.6万公里,2017-04,宁波,1年黄金会员,23.58,59.77万,新上架-0次过户
697,宝马3系(进口),2007款,325i双门轿跑车,18万公里,2007-07,宁波,1年黄金会员,5.0,61.00万,0次过户
698,宝马X3,2022款,xDrive30i,4.8万公里,2021-01,宁波,1年会员,22.8,61.87万,0次过户
699,宝马4系,2016款,420i,5.8万公里,2016-11,温州,1年会员,22.8,61.87万,0次过户
700,宝马4系,2014款,420i,5.66万公里,2016-05,台州,7年钻石会员,22.8,61.87万,无
701,宝马4系,2016款,420i,5万公里,2017-03,宁波,2年黄金会员,24.0,61.87万,0次过户
702,宝马3系(进口),2005款,330i,15万公里,2008-09,宁波,1年黄金会员,4.5,62.96万,0次过户
703,宝马X3(进口),2009款,xDrive25i豪华增配型,16万公里,2009-08,台州,6年黄金会员,5.8,63.07万,无
704,宝马X3(进口),2009款,xDrive25i豪华增配型,20万公里,2010-10,杭州,1年会员,4.0,63.07万,无
705,宝马Z4,2013款,sDrive20i领先型,4.7万公里,2015-12,温州,6年黄金会员,20.99,63.28万,0次过户
706,宝马6系GT,2020款,630i,3.67万公里,2020-06,湖州,3年黄金会员,42.6,63.38万,新上架-4S店直卖
707,宝马6系GT,2019款,630i,5.1万公里,2019-04,杭州,4年黄金会员,38.8,63.38万,新上架-0次过户
708,宝马4系,2016款,430i,8.5万公里,2017-05,湖州,5年黄金会员,24.98,63.50万,无
709,宝马4系,2016款,430i,6万公里,2017-11,嘉兴,2年黄金会员,24.98,63.50万,0次过户
710,宝马Z4,2009款,sDrive23i领先型,8.8万公里,2011-02,宁波,2年黄金会员,12.0,63.93万,0次过户
711,宝马4系,2014款,428i,9万公里,2017-04,绍兴,3年黄金会员,19.8,64.69万,0次过户
712,宝马1系M,2011款,1M,8.6万公里,2012-05,杭州,2年黄金会员,39.9,64.91万,0次过户
713,宝马1系M,2011款,1M,6.4万公里,2012-03,金华,4年黄金会员,35.8,64.91万,无
714,宝马X3(进口),2013款,xDrive28i,27万公里,2013-05,杭州,1年黄金会员,10.8,65.02万,无
715,宝马M2,2018款,M2,4万公里,2018-10,金华,3年黄金会员,35.8,65.11万,无
716,宝马M2,2018款,M2,8.1万公里,2018-11,金华,4年黄金会员,34.8,65.11万,无
717,宝马M2,2018款,M2,3.6万公里,2018-06,杭州,6年黄金会员,39.3,65.11万,新上架
718,宝马4系,2014款,420i,7万公里,2015-06,宁波,2年黄金会员,22.5,66.21万,0次过户
719,宝马4系,2014款,420i,5万公里,2016-07,温州,3年黄金会员,24.8,66.21万,无
720,宝马4系,2014款,428i,6.2万公里,2014-10,温州,1年黄金会员,17.88,66.43万,0次过户
721,宝马6系GT,2019款,630i,6万公里,2019-01,杭州,2年黄金会员,41.7,67.72万,无
722,宝马6系GT,2019款,630i,5.3万公里,2019-07,台州,3年黄金会员,42.8,67.72万,无
723,宝马6系GT,2021款,630i,3万公里,2021-02,杭州,1年会员,50.98,68.27万,准新车-0次过户
724,宝马X3(进口),2016款,sDrive20i,8.1万公里,2017-09,宁波,1年会员,50.98,68.27万,准新车-0次过户
725,宝马M2,2018款,M2,0.8万公里,2021-01,金华,3年黄金会员,53.8,68.80万,0次过户-原厂质保
726,宝马M2,2018款,M2,3万公里,2020-04,台州,6年黄金会员,53.8,68.80万,无
727,宝马M2,2018款,M2,5万公里,2019-08,宁波,2年黄金会员,40.8,68.80万,0次过户
728,宝马5系,2013款,535Li,8万公里,2012-09,温州,4年黄金会员,13.98,69.43万,新上架-0次过户
729,宝马5系,2013款,535Li,10.6万公里,2014-03,宁波,1年黄金会员,16.3,69.43万,无
730,宝马M2,2016款,M2,6.1万公里,2017-08,杭州,2年黄金会员,33.8,69.52万,无
731,宝马M2,2016款,M2,6.4万公里,2017-06,台州,7年钻石会员,31.5,69.52万,无
732,宝马3系(进口),2009款,325i敞篷轿跑车,9.4万公里,2010-01,温州,4年会员,9.38,69.58万,无
733,宝马5系,2008款,530Li,15万公里,2009-01,宁波,1年黄金会员,4.49,70.19万,0次过户
734,宝马4系,2014款,428i,6.5万公里,2015-03,宁波,2年黄金会员,21.0,73.38万,0次过户
735,宝马3系,2023款,320Li,0.65万公里,2022-01,宁波,1年会员,20.5,73.38万,0次过户
736,宝马4系,2014款,428i,6万公里,2016-01,宁波,3年会员,22.5,73.38万,0次过户
737,宝马3系,2020款,325Li,0.9万公里,2019-09,宁波,1年会员,20.5,73.38万,0次过户
738,宝马5系,2021款,525Li,4.8万公里,2021-01,宁波,1年会员,20.5,73.38万,0次过户
739,宝马4系,2014款,428i,5.2万公里,2015-01,宁波,1年会员,20.5,73.38万,0次过户
740,宝马3系,2020款,325Li,3.1万公里,2019-09,宁波,1年会员,20.5,73.38万,0次过户
741,宝马4系,2014款,428i,7.1万公里,2015-01,宁波,1年会员,22.98,73.38万,0次过户
742,宝马4系,2016款,430i,7万公里,2017-04,宁波,1年黄金会员,22.6,73.38万,0次过户
743,宝马4系,2014款,428i,7万公里,2015-02,宁波,2年黄金会员,22.0,73.38万,0次过户
744,宝马4系,2014款,428i,6万公里,2016-02,宁波,2年黄金会员,22.5,73.38万,无
745,宝马4系,2014款,428i,5.75万公里,2014-08,丽水,4年黄金会员,24.98,73.38万,无
746,宝马6系GT,2020款,630i,4万公里,2020-04,杭州,7年黄金会员,45.8,74.24万,0次过户-原厂质保
747,宝马5系GT,2014款,528i,17.1万公里,2015-12,杭州,2年黄金会员,17.98,74.68万,无
748,宝马5系,2011款,535Li,21万公里,2011-09,绍兴,3年黄金会员,11.8,75.61万,无
749,宝马5系新能源,2015款,530Le,7.8万公里,2015-10,杭州,6年钻石会员,20.98,75.83万,新上架-0次过户
750,宝马X5(进口),2020款,xDrive30i,3万公里,2020-01,温州,1年黄金会员,52.88,75.97万,0次过户
751,宝马X5(进口),2021款,xDrive30i,2.8万公里,2021-01,丽水,3年黄金会员,58.98,75.97万,0次过户-原厂质保
752,宝马X5(进口),2019款,xDrive30i,5.9万公里,2020-08,嘉兴,2年黄金会员,53.8,75.97万,0次过户-原厂质保
753,宝马X5(进口),2020款,xDrive30i,5万公里,2020-07,衢州,6年黄金会员,52.58,75.97万,无
754,宝马X5(进口),2020款,xDrive30i,6万公里,2020-09,温州,1年黄金会员,53.8,75.97万,新上架-0次过户
755,宝马4系,2014款,428i,7万公里,2014-09,宁波,2年黄金会员,20.0,75.98万,0次过户
756,宝马5系GT,2017款,528i,7万公里,2017-05,温州,1年黄金会员,26.6,76.09万,0次过户
757,宝马3系(进口),2009款,330i敞篷轿跑车,12万公里,2009-10,宁波,1年黄金会员,8.0,78.70万,0次过户
758,宝马3系(进口),2009款,330i敞篷轿跑车,15万公里,2011-10,湖州,1年黄金会员,7.88,78.70万,0次过户
759,宝马3系(进口),2009款,330i敞篷轿跑车,7万公里,2009-12,温州,6年黄金会员,10.8,78.70万,0次过户
760,宝马4系,2014款,435i,10万公里,2014-06,杭州,2年黄金会员,21.98,79.24万,无
761,宝马3系(进口),2011款,330i敞篷轿跑版,8万公里,2012-02,宁波,2年黄金会员,12.0,80.65万,0次过户
762,宝马3系(进口),2011款,330i敞篷轿跑版,13万公里,2011-11,绍兴,4年黄金会员,11.88,80.65万,0次过户
763,宝马X5(进口),2017款,xDrive28i,12万公里,2016-12,金华,2年黄金会员,33.98,82.28万,0次过户
764,宝马X5(进口),2015款,xDrive28i,9.9万公里,2016-01,金华,6年黄金会员,36.5,82.28万,新上架-0次过户
765,宝马X5(进口),2015款,xDrive28i,21万公里,2015-12,杭州,1年黄金会员,25.8,82.28万,无
766,宝马X5(进口),2015款,xDrive28i,12万公里,2016-02,杭州,3年黄金会员,28.8,82.28万,新上架-0次过户
767,宝马X5(进口),2021款,xDrive40i,3.2万公里,2022-03,杭州,4年会员,73.8,82.48万,无
768,宝马X5(进口),2020款,xDrive40i,7万公里,2020-10,杭州,2年黄金会员,60.8,82.48万,0次过户-原厂质保
769,宝马X5(进口),2019款,xDrive40i,7万公里,2019-05,杭州,3年黄金会员,58.8,82.48万,无
770,宝马X5(进口),2019款,xDrive40i,6万公里,2019-06,杭州,6年黄金会员,58.0,82.48万,无
771,宝马X5(进口),2020款,xDrive40i,5.2万公里,2020-08,宁波,7年黄金会员,63.0,82.48万,无
772,宝马X5(进口),2020款,xDrive40i,3.9万公里,2020-05,嘉兴,5年钻石会员,59.8,82.48万,无
773,宝马X5(进口),2020款,xDrive40i,2万公里,2021-01,杭州,3年黄金会员,66.89,82.48万,无
774,宝马X6,2020款,xDrive30i,3.2万公里,2020-09,宁波,4年会员,55.8,83.24万,新上架-0次过户
775,宝马X6,2021款,xDrive30i,2万公里,2021-05,宁波,3年黄金会员,59.8,83.24万,无
776,宝马X6,2018款,xDrive28i,8万公里,2018-07,金华,6年黄金会员,36.8,84.00万,0次过户
777,宝马X6,2018款,xDrive28i,8.72万公里,2018-02,杭州,6年黑金会员,40.68,84.00万,0次过户
778,宝马6系GT,2018款,640i,6.3万公里,2018-11,杭州,5年黑金会员,46.88,86.83万,无
779,宝马7系,2018款,730Li,6.82万公里,2019-03,杭州,6年黑金会员,49.88,87.71万,0次过户
780,宝马7系,2018款,730Li,14万公里,2018-08,宁波,3年会员,37.98,87.71万,无
781,宝马7系,2018款,730Li,9.7万公里,2017-06,宁波,1年会员,35.8,87.71万,0次过户
782,宝马Z4,2012款,sDrive35i十周年版,6.6万公里,2013-03,宁波,2年黄金会员,15.5,87.71万,0次过户
783,宝马5系GT,2011款,535i,12万公里,2012-11,宁波,1年黄金会员,14.8,87.81万,0次过户
784,宝马5系GT,2011款,535i,15万公里,2011-09,温州,2年黄金会员,12.58,87.81万,0次过户
785,宝马7系,2021款,730Li,2.1万公里,2021-09,台州,3年黄金会员,64.8,89.88万,无
786,宝马7系,2019款,730Li,3.2万公里,2020-12,宁波,4年会员,52.8,89.88万,0次过户-原厂质保
787,宝马7系,2011款,730Li典雅型,9.2万公里,2012-06,温州,4年会员,52.8,89.88万,0次过户-原厂质保
788,宝马7系,2019款,730Li,6.95万公里,2020-03,金华,6年黄金会员,56.88,89.88万,无
789,宝马7系,2019款,730Li,3万公里,2020-02,宁波,2年黄金会员,55.0,89.88万,0次过户-原厂质保
790,宝马7系,2019款,730Li,5万公里,2019-08,宁波,1年黄金会员,51.8,89.88万,0次过户
791,宝马X5(进口),2008款,xDrive30i领先型,20万公里,2008-08,杭州,2年黄金会员,6.88,90.85万,0次过户
792,宝马X5(进口),2017款,xDrive35i,6万公里,2017-06,温州,1年黄金会员,37.99,90.96万,0次过户
793,宝马X5(进口),2014款,xDrive35i,12万公里,2014-11,嘉兴,6年黄金会员,29.98,90.96万,0次过户
794,宝马X5(进口),2014款,xDrive35i,16万公里,2015-03,宁波,3年黄金会员,24.0,90.96万,0次过户
795,宝马X5(进口),2014款,xDrive35i,9.4万公里,2014-09,杭州,2年黄金会员,27.98,90.96万,无
796,宝马X5(进口),2017款,xDrive35i,8万公里,2017-07,宁波,1年黄金会员,35.98,90.96万,0次过户
797,宝马M3,2021款,M3四门轿车,2万公里,2021-08,杭州,7年黄金会员,88.8,92.25万,准新车-0次过户
798,宝马X5(进口),2020款,xDrive40i,2万公里,2020-09,杭州,3年黄金会员,68.5,92.25万,新上架-原厂质保
799,宝马X5(进口),2019款,xDrive40i,9.4万公里,2019-10,嘉兴,6年黄金会员,55.0,92.25万,0次过户
800,宝马X5(进口),2009款,xDrive30i领先型,10万公里,2009-04,宁波,2年黄金会员,8.0,92.59万,0次过户
801,宝马6系,2016款,640i,7.8万公里,2018-11,宁波,1年黄金会员,39.88,93.13万,0次过户
802,宝马6系,2016款,640i,4.7万公里,2017-07,杭州,3年钻石会员,36.98,93.13万,无
803,宝马X5新能源(进口),2021款,xDrive45e,5.25万公里,2021-05,杭州,5年黑金会员,73.88,93.34万,0次过户-原厂质保
804,宝马7系,2008款,730Li领先型,16万公里,2007-11,宁波,1年黄金会员,5.5,94.22万,无
805,宝马M4,2019款,M4双门轿跑车猎影版,2.3万公里,2019-07,杭州,7年黄金会员,57.8,94.43万,无
806,宝马7系,2004款,730Li,21万公里,2005-07,宁波,1年黄金会员,3.18,94.44万,0次过户
807,宝马M4,2021款,M4双门轿跑车,0.18万公里,2021-11,嘉兴,3年钻石会员,88.88,95.51万,准新车-0次过户
808,宝马M4,2021款,M4双门轿跑车,1万公里,2022-01,杭州,7年黄金会员,96.8,95.51万,新上架-准新车
809,宝马M4,2021款,M4双门轿跑车,0.7万公里,2022-01,杭州,2年黄金会员,93.8,95.51万,无
810,宝马5系GT,2013款,535i,15万公里,2013-08,温州,1年黄金会员,18.2,96.72万,无
811,宝马5系GT,2013款,535i,14万公里,2012-12,绍兴,3年黄金会员,17.8,96.72万,0次过户
812,宝马5系GT,2013款,535i,10万公里,2013-04,宁波,3年会员,17.0,96.72万,0次过户
813,宝马7系,2011款,730Li典雅型,15万公里,2011-06,宁波,1年黄金会员,14.3,97.48万,无
814,宝马7系,2017款,730Li,7.8万公里,2017-01,温州,2年黄金会员,38.98,97.48万,0次过户
815,宝马7系,2016款,730Li,7万公里,2017-03,宁波,2年黄金会员,37.5,97.48万,0次过户
816,宝马7系,2011款,730Li典雅型,13万公里,2012-11,温州,1年会员,16.8,97.48万,0次过户
817,宝马7系,2011款,730Li典雅型,15万公里,2011-11,台州,1年黄金会员,11.6,97.48万,0次过户
818,宝马7系,2011款,730Li典雅型,12万公里,2012-03,温州,3年黄金会员,16.8,97.48万,0次过户
819,宝马7系,2011款,730Li典雅型,11.8万公里,2011-07,宁波,1年黄金会员,14.28,97.48万,0次过户
820,宝马7系,2011款,730Li典雅型,18万公里,2011-11,湖州,1年黄金会员,10.88,97.48万,0次过户
821,宝马M4,2019款,M4双门轿跑车竞速版,3.4万公里,2019-04,杭州,1年黄金会员,53.8,97.68万,无
822,宝马M4,2019款,M4双门轿跑车竞速版,5万公里,2019-11,台州,6年黄金会员,59.8,97.68万,无
823,宝马X3,M,2019款,5万公里,2020-10,金华,3年黄金会员,54.8,97.68万,无
824,宝马X5(进口),2013款,xDrive35i,11.6万公里,2013-11,杭州,6年黄金会员,14.8,97.80万,无
825,宝马M4,2017款,M4双门轿跑车,6.9万公里,2018-10,杭州,3年黄金会员,55.8,98.43万,新上架-0次过户
826,宝马X5(进口),2008款,xDrive30i豪华型,15万公里,2008-07,杭州,2年会员,8.28,98.45万,无
827,宝马X5(进口),2008款,xDrive30i豪华型,13万公里,2008-08,温州,4年黄金会员,7.88,98.45万,0次过户
828,宝马X4,2019款,xDrive25i,3.8万公里,2018-12,宁波,1年会员,33.8,99.65万,无
829,宝马X5(进口),2017款,xDrive35i,9万公里,2017-02,宁波,1年会员,33.8,99.65万,无
830,宝马5系,2012款,520Li,15万公里,2012-07,嘉兴,1年会员,33.8,99.65万,无
831,宝马X5(进口),2014款,xDrive35i,10万公里,2014-05,宁波,1年黄金会员,26.8,99.65万,0次过户
832,宝马X6,2015款,xDrive35i,11万公里,2016-12,金华,6年黄金会员,29.68,99.65万,0次过户
833,宝马X5(进口),2014款,xDrive35i,11万公里,2015-02,宁波,1年黄金会员,26.0,99.65万,无
834,宝马X6,2015款,xDrive35i,10万公里,2016-06,宁波,1年黄金会员,27.8,99.65万,无
835,宝马X5(进口),2014款,xDrive35i,9万公里,2014-03,宁波,1年黄金会员,22.8,99.65万,无
836,宝马X5(进口),2014款,xDrive35i,12.5万公里,2014-06,宁波,1年黄金会员,25.5,99.65万,0次过户
837,宝马X5(进口),2014款,xDrive35i,15万公里,2015-06,宁波,3年钻石会员,26.8,99.65万,无
838,宝马X1,2018款,xDrive20Li,6.3万公里,2018-05,宁波,1年黄金会员,25.5,99.65万,0次过户